system,budget hit %,repetition %,off target %,source copy %,empty %,length ratio,max budget hit (one direction)
SlimGPT ref 20%,0.07,0.02,0.27,0.19,0.0,0.96,0.27
SlimGPT ref 30%,0.05,0.02,0.21,0.12,0.0,0.95,0.1
SlimGPT ref 40%,0.21,0.08,0.37,0.21,0.0,0.95,0.64
SlimGPT gen 20%,0.06,0.03,0.29,0.18,0.0,0.96,0.14
SlimGPT gen 30%,0.08,0.02,0.26,0.16,0.0,0.96,0.29
SlimGPT gen 40%,0.22,0.09,0.34,0.19,0.0,0.95,0.69
FLAP ref 20%,0.09,0.02,0.27,0.11,0.0,0.95,0.49
FLAP ref 30%,0.85,0.31,0.36,0.2,0.0,0.97,3.6
FLAP ref 40%,1.31,0.45,0.26,0.13,0.0,0.96,4.8
FLAP gen 20%,0.15,0.02,0.26,0.11,0.0,0.96,0.59
FLAP gen 30%,1.06,0.32,0.32,0.17,0.0,0.98,4.0
FLAP gen 40%,1.16,0.45,0.27,0.12,0.0,0.95,4.4
dense,0.04,0.01,0.18,0.09,0.0,0.97,0.16
