method,calib,sparsity,scope,into English,out of English,worst
slimgpt,ref,20,multi,-0.0065,-0.0164,en-cs -0.019
slimgpt,ref,20,dir,-0.0071,-0.0116,en-zh -0.012
slimgpt,ref,30,multi,-0.0138,-0.0365,en-zh -0.048
slimgpt,ref,30,dir,-0.0136,-0.0236,en-zh -0.028
slimgpt,ref,40,multi,-0.0278,-0.0809,en-zh -0.103
slimgpt,ref,40,dir,-0.0263,-0.0493,en-zh -0.062
slimgpt,gen,20,multi,-0.0063,-0.0169,en-zh -0.019
slimgpt,gen,20,dir,-0.0069,-0.0117,en-ru -0.013
slimgpt,gen,30,multi,-0.0128,-0.0367,en-zh -0.047
slimgpt,gen,30,dir,-0.0138,-0.0248,en-zh -0.029
slimgpt,gen,40,multi,-0.0283,-0.0793,en-zh -0.099
slimgpt,gen,40,dir,-0.0264,-0.0493,en-zh -0.063
flap,ref,20,multi,-0.0105,-0.0396,en-is -0.056
flap,ref,20,dir,-0.0105,-0.0245,en-is -0.037
flap,ref,30,multi,-0.0274,-0.1012,en-is -0.166
flap,ref,30,dir,-0.0258,-0.0642,en-is -0.092
flap,ref,40,multi,-0.0483,-0.1639,en-is -0.264
flap,ref,40,dir,-0.049,-0.1275,en-is -0.188
flap,gen,20,multi,-0.0107,-0.0409,en-is -0.061
flap,gen,20,dir,-0.01,-0.024,en-is -0.034
flap,gen,30,multi,-0.0271,-0.1032,en-is -0.163
flap,gen,30,dir,-0.0255,-0.0667,en-is -0.096
flap,gen,40,multi,-0.0496,-0.162,en-is -0.263
flap,gen,40,dir,-0.049,-0.1306,en-is -0.195
