method,calib,sparsity,COMET multi,COMET pair,COMET dir,MetricX multi,MetricX pair,MetricX dir,BLEU multi,BLEU pair,BLEU dir,chrF++ multi,chrF++ pair,chrF++ dir
slimgpt,ref,20,0.8361,0.8383,0.8382,3.356,3.287,3.265,27.76,28.21,28.1,49.1,49.45,49.38
slimgpt,ref,30,0.8223,0.8285,0.8289,3.809,3.608,3.562,25.78,26.6,26.57,47.27,48.07,48.01
slimgpt,ref,40,0.7931,0.8088,0.8097,4.857,4.324,4.246,23.24,24.04,24.23,44.77,45.71,45.81
slimgpt,gen,20,0.8359,0.8387,0.8382,3.345,3.258,3.274,27.91,28.27,28.19,49.19,49.59,49.44
slimgpt,gen,30,0.8227,0.8287,0.8282,3.815,3.614,3.578,25.94,26.78,26.81,47.53,48.26,48.17
slimgpt,gen,40,0.7937,0.8089,0.8096,4.866,4.303,4.278,23.27,24.33,24.44,44.79,45.83,46.05
flap,ref,20,0.8224,0.83,0.83,3.851,3.604,3.605,26.74,27.49,27.7,47.82,48.43,48.71
flap,ref,30,0.7832,0.8017,0.8024,5.222,4.612,4.591,23.61,24.5,24.48,44.59,45.53,45.75
flap,ref,40,0.7414,0.7596,0.7592,6.697,6.154,6.154,20.31,20.31,20.45,41.0,41.24,41.45
flap,gen,20,0.8217,0.8292,0.8305,3.884,3.64,3.593,26.72,27.44,27.73,47.81,48.41,48.8
flap,gen,30,0.7823,0.8011,0.8014,5.231,4.641,4.604,23.55,24.46,24.52,44.56,45.49,45.7
flap,gen,40,0.7417,0.758,0.7577,6.665,6.175,6.179,20.17,20.34,20.54,40.85,41.31,41.53
