system,cs-en,de-en,is-en,ru-en,zh-en,en-cs,en-de,en-is,en-ru,en-zh
SlimGPT ref 20%,38.24,26.62,33.01,34.59,20.41,23.81,25.69,21.36,22.67,31.21
SlimGPT ref 30%,36.18,25.75,31.83,33.3,18.89,20.81,23.94,18.73,20.63,27.74
SlimGPT ref 40%,34.33,24.09,29.8,31.15,17.01,17.63,21.78,15.91,17.82,22.85
SlimGPT gen 20%,38.13,26.89,33.39,34.82,20.7,23.73,25.68,21.52,22.9,31.38
SlimGPT gen 30%,36.23,25.73,31.68,32.95,19.38,21.23,24.26,19.0,20.75,28.17
SlimGPT gen 40%,34.37,24.4,30.04,30.79,16.99,17.63,22.04,15.82,17.99,22.63
FLAP ref 20%,37.26,27.65,32.72,35.08,19.89,22.17,24.81,18.06,21.49,28.28
FLAP ref 30%,35.06,27.06,30.33,31.86,17.56,19.23,22.5,13.66,18.58,20.26
FLAP ref 40%,31.46,24.16,28.08,28.86,15.4,14.6,19.56,9.31,15.74,15.93
FLAP gen 20%,37.92,27.74,32.52,34.71,19.64,22.12,24.76,18.13,21.58,28.04
FLAP gen 30%,34.88,27.09,30.39,32.12,17.42,18.75,22.53,13.45,18.6,20.25
FLAP gen 40%,30.87,23.89,27.87,29.12,14.89,14.99,19.36,9.67,15.39,15.64
dense,41.32,29.07,34.6,37.0,22.42,26.41,28.27,23.91,25.15,35.04
