calib,sparsity,scope,comet delta,comet 95% CI,comet p,metricx delta,metricx 95% CI,metricx p,BLEU delta,BLEU p
ref,20,multi,0.0137,"[+0.0125, +0.0148]",<0.001,-0.495,"[-0.537, -0.452]",<0.001,1.02,<0.001
ref,20,pair,0.0083,"[+0.0072, +0.0093]",<0.001,-0.318,"[-0.359, -0.277]",<0.001,0.73,<0.001
ref,20,dir,0.0082,"[+0.0072, +0.0092]",<0.001,-0.34,"[-0.382, -0.300]",<0.001,0.4,<0.001
ref,30,multi,0.0391,"[+0.0375, +0.0407]",<0.001,-1.412,"[-1.472, -1.351]",<0.001,2.17,<0.001
ref,30,pair,0.0267,"[+0.0252, +0.0282]",<0.001,-1.004,"[-1.057, -0.954]",<0.001,2.1,<0.001
ref,30,dir,0.0265,"[+0.0252, +0.0279]",<0.001,-1.029,"[-1.083, -0.976]",<0.001,2.09,<0.001
ref,40,multi,0.0518,"[+0.0498, +0.0538]",<0.001,-1.84,"[-1.906, -1.777]",<0.001,2.93,<0.001
ref,40,pair,0.0492,"[+0.0476, +0.0511]",<0.001,-1.83,"[-1.895, -1.770]",<0.001,3.74,<0.001
ref,40,dir,0.0505,"[+0.0488, +0.0523]",<0.001,-1.908,"[-1.970, -1.846]",<0.001,3.79,<0.001
gen,20,multi,0.0142,"[+0.0131, +0.0153]",<0.001,-0.539,"[-0.583, -0.496]",<0.001,1.2,<0.001
gen,20,pair,0.0095,"[+0.0085, +0.0106]",<0.001,-0.381,"[-0.423, -0.340]",<0.001,0.83,<0.001
gen,20,dir,0.0077,"[+0.0066, +0.0086]",<0.001,-0.319,"[-0.363, -0.279]",<0.001,0.46,<0.001
gen,30,multi,0.0404,"[+0.0388, +0.0421]",<0.001,-1.416,"[-1.477, -1.362]",<0.001,2.39,<0.001
gen,30,pair,0.0276,"[+0.0262, +0.0290]",<0.001,-1.027,"[-1.080, -0.978]",<0.001,2.33,<0.001
gen,30,dir,0.0268,"[+0.0255, +0.0283]",<0.001,-1.026,"[-1.078, -0.976]",<0.001,2.28,<0.001
gen,40,multi,0.0519,"[+0.0501, +0.0539]",<0.001,-1.799,"[-1.865, -1.733]",<0.001,3.1,<0.001
gen,40,pair,0.0508,"[+0.0492, +0.0526]",<0.001,-1.873,"[-1.937, -1.807]",<0.001,3.99,<0.001
gen,40,dir,0.0519,"[+0.0501, +0.0538]",<0.001,-1.901,"[-1.966, -1.840]",<0.001,3.91,<0.001
