config,scope,own,reverse,same_target,same_source,other
flap20-gen,dir,0.0097,0.0077,-0.0006,-0.0211,-0.0157
flap20-gen,pair,0.0083,,,,-0.012
flap20-ref,dir,0.0078,0.0066,-0.0008,-0.0225,-0.0164
flap20-ref,pair,0.0076,,,,-0.0132
flap30-gen,dir,0.0176,0.018,-0.002,-0.0744,-0.037
flap30-gen,pair,0.0172,,,,-0.0381
flap30-ref,dir,0.0194,0.0186,-0.0013,-0.0745,-0.0363
flap30-ref,pair,0.018,,,,-0.0366
flap40-gen,dir,0.0165,0.0164,-0.0067,-0.139,-0.0663
flap40-gen,pair,0.0151,,,,-0.068
flap40-ref,dir,0.0159,0.0179,-0.0062,-0.133,-0.0662
flap40-ref,pair,0.0159,,,,-0.067
slimgpt20-gen,dir,0.0012,0.0008,-0.0037,-0.0591,-0.0381
slimgpt20-gen,pair,0.0017,,,,-0.0309
slimgpt20-ref,dir,-0.0003,-0.001,-0.0044,-0.0618,-0.0378
slimgpt20-ref,pair,-0.0005,,,,-0.0319
slimgpt30-gen,dir,0.0038,0.0002,-0.0058,-0.1179,-0.0697
slimgpt30-gen,pair,0.0047,,,,-0.0615
slimgpt30-ref,dir,0.0063,0.0013,-0.0049,-0.1154,-0.0673
slimgpt30-ref,pair,0.0052,,,,-0.0611
slimgpt40-gen,dir,0.0175,0.006,-0.0057,-0.1784,-0.1027
slimgpt40-gen,pair,0.0187,,,,-0.0927
slimgpt40-ref,dir,0.0162,0.0088,-0.007,-0.1815,-0.103
slimgpt40-ref,pair,0.0169,,,,-0.092
