layer,heads_kept,heads_total,ffn_kept,ffn_total
0,32,32,11008,11008
1,32,32,11008,11008
2,32,32,11008,11008
3,32,32,10393,11008
4,32,32,11008,11008
5,32,32,7039,11008
6,32,32,6036,11008
7,32,32,6294,11008
8,32,32,9670,11008
9,32,32,7320,11008
10,32,32,5731,11008
11,32,32,7279,11008
12,32,32,7168,11008
13,32,32,6167,11008
14,32,32,5923,11008
15,32,32,7317,11008
16,32,32,11008,11008
17,32,32,5140,11008
18,32,32,11005,11008
19,32,32,8695,11008
20,32,32,4835,11008
21,32,32,8252,11008
22,22,32,5083,11008
23,32,32,5093,11008
24,32,32,5218,11008
25,13,32,7136,11008
26,32,32,6940,11008
27,32,32,4672,11008
28,32,32,5332,11008
29,32,32,11008,11008
30,32,32,11008,11008
31,32,32,11008,11008
