system,cs-en,de-en,is-en,ru-en,zh-en,en-cs,en-de,en-is,en-ru,en-zh
alma-7b,0.8524,0.8392,0.8627,0.8464,0.7961,0.8703,0.8530,0.8418,0.8611,0.8507
alma-7b-slimgpt20-multi,0.8126,0.8086,0.8326,0.8038,0.7485,0.8394,0.8281,0.8151,0.8375,0.8217
alma-7b-slimgpt20-multi-uniform,0.8287,0.8191,0.8411,0.8142,0.7671,0.8385,0.8304,0.8217,0.8368,0.8242
alma-7b-slimgpt20-multi-log,0.8262,0.8208,0.8351,0.8160,0.7672,0.8440,0.8310,0.8178,0.8431,0.8220
alma-7b-slimgpt20-multi-target,0.8448,0.8330,0.8572,0.8389,0.7759,0.8564,0.8440,0.8329,0.8451,0.8389
alma-7b-slimgpt20-multi-256,0.8236,0.8118,0.8391,0.8114,0.7560,0.8369,0.8292,0.8252,0.8379,0.8241
alma-7b-slimgpt20-cs,0.7487,0.7240,0.5955,0.7093,0.6013,0.7668,0.7380,0.5589,0.7496,0.6530
alma-7b-slimgpt20-de,0.6516,0.7494,0.5483,0.6859,0.5832,0.6329,0.7607,0.5514,0.7103,0.6082
alma-7b-slimgpt20-is,0.6755,0.7398,0.7559,0.7234,0.6235,0.6751,0.7559,0.7661,0.7389,0.6509
alma-7b-slimgpt20-ru,0.6660,0.6991,0.5673,0.7168,0.5930,0.6664,0.7140,0.5015,0.7554,0.6433
alma-7b-slimgpt20-zh,0.7734,0.7902,0.7524,0.7774,0.7285,0.6749,0.7503,0.5705,0.7546,0.7675
alma-7b-flap20-multi,0.8075,0.8054,0.8235,0.7983,0.7372,0.8136,0.8149,0.7975,0.8310,0.8024
alma-7b-flap20-de,0.8126,0.8073,0.8218,0.7992,0.7441,0.8245,0.8175,0.7958,0.8325,0.7876
alma-7b-slimgpt50-multi,0.5930,0.6180,0.5626,0.5883,0.5307,0.5455,0.5845,0.4684,0.5735,0.5027
alma-7b-slimgpt50-multi-log,0.6120,0.6224,0.6352,0.6007,0.5743,0.5229,0.5541,0.4601,0.5789,0.4842
