system,layer,heads_kept,heads_total,channels_kept,channels_total
alma-7b-flap20-de,0,32,32,11008,11008
alma-7b-flap20-de,1,32,32,11008,11008
alma-7b-flap20-de,2,26,32,11008,11008
alma-7b-flap20-de,3,24,32,11008,11008
alma-7b-flap20-de,4,23,32,11008,11008
alma-7b-flap20-de,5,27,32,8493,11008
alma-7b-flap20-de,6,25,32,7594,11008
alma-7b-flap20-de,7,25,32,7208,11008
alma-7b-flap20-de,8,23,32,8744,11008
alma-7b-flap20-de,9,22,32,8294,11008
alma-7b-flap20-de,10,26,32,6189,11008
alma-7b-flap20-de,11,25,32,5908,11008
alma-7b-flap20-de,12,24,32,10665,11008
alma-7b-flap20-de,13,27,32,6293,11008
alma-7b-flap20-de,14,23,32,7649,11008
alma-7b-flap20-de,15,25,32,7391,11008
alma-7b-flap20-de,16,24,32,11008,11008
alma-7b-flap20-de,17,27,32,6569,11008
alma-7b-flap20-de,18,24,32,8602,11008
alma-7b-flap20-de,19,20,32,11008,11008
alma-7b-flap20-de,20,21,32,8863,11008
alma-7b-flap20-de,21,22,32,9291,11008
alma-7b-flap20-de,22,22,32,7143,11008
alma-7b-flap20-de,23,25,32,10003,11008
alma-7b-flap20-de,24,30,32,7280,11008
alma-7b-flap20-de,25,30,32,9539,11008
alma-7b-flap20-de,26,26,32,8188,11008
alma-7b-flap20-de,27,24,32,5973,11008
alma-7b-flap20-de,28,27,32,5846,11008
alma-7b-flap20-de,29,24,32,11008,11008
alma-7b-flap20-de,30,32,32,11008,11008
alma-7b-flap20-de,31,32,32,11008,11008
alma-7b-flap20-multi,0,32,32,11008,11008
alma-7b-flap20-multi,1,32,32,11008,11008
alma-7b-flap20-multi,2,24,32,11008,11008
alma-7b-flap20-multi,3,22,32,11008,11008
alma-7b-flap20-multi,4,23,32,11008,11008
alma-7b-flap20-multi,5,29,32,9130,11008
alma-7b-flap20-multi,6,26,32,8026,11008
alma-7b-flap20-multi,7,23,32,7721,11008
alma-7b-flap20-multi,8,24,32,9802,11008
alma-7b-flap20-multi,9,22,32,9396,11008
alma-7b-flap20-multi,10,27,32,6315,11008
alma-7b-flap20-multi,11,26,32,6111,11008
alma-7b-flap20-multi,12,28,32,10613,11008
alma-7b-flap20-multi,13,27,32,6562,11008
alma-7b-flap20-multi,14,23,32,8413,11008
alma-7b-flap20-multi,15,29,32,7098,11008
alma-7b-flap20-multi,16,23,32,11008,11008
alma-7b-flap20-multi,17,25,32,6570,11008
alma-7b-flap20-multi,18,25,32,6138,11008
alma-7b-flap20-multi,19,22,32,11008,11008
alma-7b-flap20-multi,20,22,32,6513,11008
alma-7b-flap20-multi,21,23,32,10988,11008
alma-7b-flap20-multi,22,25,32,7092,11008
alma-7b-flap20-multi,23,27,32,6860,11008
alma-7b-flap20-multi,24,24,32,6909,11008
alma-7b-flap20-multi,25,28,32,10380,11008
alma-7b-flap20-multi,26,24,32,8482,11008
alma-7b-flap20-multi,27,24,32,5999,11008
alma-7b-flap20-multi,28,24,32,6607,11008
alma-7b-flap20-multi,29,22,32,11008,11008
alma-7b-flap20-multi,30,32,32,11008,11008
alma-7b-flap20-multi,31,32,32,11008,11008
alma-7b-slimgpt20-cs,0,32,32,11008,11008
alma-7b-slimgpt20-cs,1,32,32,11008,11008
alma-7b-slimgpt20-cs,2,23,32,6282,11008
alma-7b-slimgpt20-cs,3,24,32,6840,11008
alma-7b-slimgpt20-cs,4,23,32,7236,11008
alma-7b-slimgpt20-cs,5,25,32,6954,11008
alma-7b-slimgpt20-cs,6,20,32,6850,11008
alma-7b-slimgpt20-cs,7,22,32,6947,11008
alma-7b-slimgpt20-cs,8,22,32,11008,11008
alma-7b-slimgpt20-cs,9,23,32,6458,11008
alma-7b-slimgpt20-cs,10,22,32,8084,11008
alma-7b-slimgpt20-cs,11,25,32,6575,11008
alma-7b-slimgpt20-cs,12,31,32,6685,11008
alma-7b-slimgpt20-cs,13,22,32,7492,11008
alma-7b-slimgpt20-cs,14,25,32,7700,11008
alma-7b-slimgpt20-cs,15,22,32,8449,11008
alma-7b-slimgpt20-cs,16,23,32,11008,11008
alma-7b-slimgpt20-cs,17,22,32,7295,11008
alma-7b-slimgpt20-cs,18,28,32,6973,11008
alma-7b-slimgpt20-cs,19,21,32,11008,11008
alma-7b-slimgpt20-cs,20,25,32,9025,11008
alma-7b-slimgpt20-cs,21,20,32,8935,11008
alma-7b-slimgpt20-cs,22,32,32,8636,11008
alma-7b-slimgpt20-cs,23,25,32,10836,11008
alma-7b-slimgpt20-cs,24,20,32,11008,11008
alma-7b-slimgpt20-cs,25,32,32,11008,11008
alma-7b-slimgpt20-cs,26,31,32,9640,11008
alma-7b-slimgpt20-cs,27,30,32,9644,11008
alma-7b-slimgpt20-cs,28,22,32,8189,11008
alma-7b-slimgpt20-cs,29,31,32,11008,11008
alma-7b-slimgpt20-cs,30,32,32,11008,11008
alma-7b-slimgpt20-cs,31,32,32,11008,11008
alma-7b-slimgpt20-de,0,32,32,11008,11008
alma-7b-slimgpt20-de,1,32,32,11008,11008
alma-7b-slimgpt20-de,2,23,32,6633,11008
alma-7b-slimgpt20-de,3,23,32,7352,11008
alma-7b-slimgpt20-de,4,23,32,7132,11008
alma-7b-slimgpt20-de,5,22,32,6325,11008
alma-7b-slimgpt20-de,6,20,32,6538,11008
alma-7b-slimgpt20-de,7,21,32,6851,11008
alma-7b-slimgpt20-de,8,23,32,11008,11008
alma-7b-slimgpt20-de,9,23,32,7702,11008
alma-7b-slimgpt20-de,10,22,32,9283,11008
alma-7b-slimgpt20-de,11,25,32,6637,11008
alma-7b-slimgpt20-de,12,31,32,6584,11008
alma-7b-slimgpt20-de,13,22,32,7230,11008
alma-7b-slimgpt20-de,14,25,32,7383,11008
alma-7b-slimgpt20-de,15,22,32,7154,11008
alma-7b-slimgpt20-de,16,23,32,11008,11008
alma-7b-slimgpt20-de,17,24,32,8107,11008
alma-7b-slimgpt20-de,18,24,32,7324,11008
alma-7b-slimgpt20-de,19,23,32,11008,11008
alma-7b-slimgpt20-de,20,23,32,8171,11008
alma-7b-slimgpt20-de,21,21,32,8143,11008
alma-7b-slimgpt20-de,22,24,32,10629,11008
alma-7b-slimgpt20-de,23,23,32,8198,11008
alma-7b-slimgpt20-de,24,26,32,11005,11008
alma-7b-slimgpt20-de,25,30,32,11008,11008
alma-7b-slimgpt20-de,26,32,32,9708,11008
alma-7b-slimgpt20-de,27,29,32,9325,11008
alma-7b-slimgpt20-de,28,32,32,9319,11008
alma-7b-slimgpt20-de,29,32,32,11008,11008
alma-7b-slimgpt20-de,30,32,32,11008,11008
alma-7b-slimgpt20-de,31,32,32,11008,11008
alma-7b-slimgpt20-is,0,32,32,11008,11008
alma-7b-slimgpt20-is,1,32,32,11008,11008
alma-7b-slimgpt20-is,2,23,32,6322,11008
alma-7b-slimgpt20-is,3,21,32,6770,11008
alma-7b-slimgpt20-is,4,22,32,8109,11008
alma-7b-slimgpt20-is,5,27,32,7309,11008
alma-7b-slimgpt20-is,6,20,32,7084,11008
alma-7b-slimgpt20-is,7,25,32,7520,11008
alma-7b-slimgpt20-is,8,24,32,10986,11008
alma-7b-slimgpt20-is,9,23,32,7022,11008
alma-7b-slimgpt20-is,10,25,32,7725,11008
alma-7b-slimgpt20-is,11,25,32,6664,11008
alma-7b-slimgpt20-is,12,31,32,7057,11008
alma-7b-slimgpt20-is,13,24,32,7763,11008
alma-7b-slimgpt20-is,14,25,32,8222,11008
alma-7b-slimgpt20-is,15,24,32,8799,11008
alma-7b-slimgpt20-is,16,22,32,11008,11008
alma-7b-slimgpt20-is,17,22,32,7430,11008
alma-7b-slimgpt20-is,18,26,32,7337,11008
alma-7b-slimgpt20-is,19,22,32,11008,11008
alma-7b-slimgpt20-is,20,26,32,8661,11008
alma-7b-slimgpt20-is,21,21,32,11008,11008
alma-7b-slimgpt20-is,22,27,32,9837,11008
alma-7b-slimgpt20-is,23,26,32,8675,11008
alma-7b-slimgpt20-is,24,21,32,8481,11008
alma-7b-slimgpt20-is,25,32,32,11008,11008
alma-7b-slimgpt20-is,26,32,32,8300,11008
alma-7b-slimgpt20-is,27,26,32,7944,11008
alma-7b-slimgpt20-is,28,23,32,8716,11008
alma-7b-slimgpt20-is,29,29,32,11008,11008
alma-7b-slimgpt20-is,30,29,32,11008,11008
alma-7b-slimgpt20-is,31,32,32,11008,11008
alma-7b-slimgpt20-multi-256,0,32,32,10849,11008
alma-7b-slimgpt20-multi-256,1,32,32,11008,11008
alma-7b-slimgpt20-multi-256,2,23,32,8524,11008
alma-7b-slimgpt20-multi-256,3,23,32,9898,11008
alma-7b-slimgpt20-multi-256,4,23,32,8407,11008
alma-7b-slimgpt20-multi-256,5,25,32,7013,11008
alma-7b-slimgpt20-multi-256,6,21,32,7243,11008
alma-7b-slimgpt20-multi-256,7,23,32,7583,11008
alma-7b-slimgpt20-multi-256,8,23,32,10941,11008
alma-7b-slimgpt20-multi-256,9,23,32,7007,11008
alma-7b-slimgpt20-multi-256,10,26,32,7826,11008
alma-7b-slimgpt20-multi-256,11,25,32,6629,11008
alma-7b-slimgpt20-multi-256,12,28,32,6887,11008
alma-7b-slimgpt20-multi-256,13,22,32,7013,11008
alma-7b-slimgpt20-multi-256,14,26,32,6892,11008
alma-7b-slimgpt20-multi-256,15,24,32,6778,11008
alma-7b-slimgpt20-multi-256,16,23,32,11008,11008
alma-7b-slimgpt20-multi-256,17,23,32,7240,11008
alma-7b-slimgpt20-multi-256,18,30,32,7002,11008
alma-7b-slimgpt20-multi-256,19,21,32,11008,11008
alma-7b-slimgpt20-multi-256,20,25,32,7739,11008
alma-7b-slimgpt20-multi-256,21,23,32,9611,11008
alma-7b-slimgpt20-multi-256,22,25,32,8932,11008
alma-7b-slimgpt20-multi-256,23,24,32,9047,11008
alma-7b-slimgpt20-multi-256,24,26,32,9902,11008
alma-7b-slimgpt20-multi-256,25,32,32,10997,11008
alma-7b-slimgpt20-multi-256,26,27,32,9417,11008
alma-7b-slimgpt20-multi-256,27,25,32,8146,11008
alma-7b-slimgpt20-multi-256,28,27,32,8234,11008
alma-7b-slimgpt20-multi-256,29,30,32,11008,11008
alma-7b-slimgpt20-multi-256,30,27,32,11008,11008
alma-7b-slimgpt20-multi-256,31,32,32,11008,11008
alma-7b-slimgpt20-multi-log,0,32,32,11008,11008
alma-7b-slimgpt20-multi-log,1,30,32,10409,11008
alma-7b-slimgpt20-multi-log,2,29,32,10059,11008
alma-7b-slimgpt20-multi-log,3,29,32,9810,11008
alma-7b-slimgpt20-multi-log,4,28,32,9618,11008
alma-7b-slimgpt20-multi-log,5,28,32,9460,11008
alma-7b-slimgpt20-multi-log,6,27,32,9327,11008
alma-7b-slimgpt20-multi-log,7,27,32,9212,11008
alma-7b-slimgpt20-multi-log,8,26,32,9110,11008
alma-7b-slimgpt20-multi-log,9,26,32,9019,11008
alma-7b-slimgpt20-multi-log,10,26,32,8937,11008
alma-7b-slimgpt20-multi-log,11,26,32,8861,11008
alma-7b-slimgpt20-multi-log,12,26,32,8792,11008
alma-7b-slimgpt20-multi-log,13,25,32,8728,11008
alma-7b-slimgpt20-multi-log,14,25,32,8669,11008
alma-7b-slimgpt20-multi-log,15,25,32,8613,11008
alma-7b-slimgpt20-multi-log,16,25,32,8561,11008
alma-7b-slimgpt20-multi-log,17,25,32,8511,11008
alma-7b-slimgpt20-multi-log,18,25,32,8465,11008
alma-7b-slimgpt20-multi-log,19,24,32,8420,11008
alma-7b-slimgpt20-multi-log,20,24,32,8378,11008
alma-7b-slimgpt20-multi-log,21,24,32,8338,11008
alma-7b-slimgpt20-multi-log,22,24,32,8300,11008
alma-7b-slimgpt20-multi-log,23,24,32,8263,11008
alma-7b-slimgpt20-multi-log,24,24,32,8227,11008
alma-7b-slimgpt20-multi-log,25,24,32,8194,11008
alma-7b-slimgpt20-multi-log,26,24,32,8161,11008
alma-7b-slimgpt20-multi-log,27,24,32,8130,11008
alma-7b-slimgpt20-multi-log,28,24,32,8099,11008
alma-7b-slimgpt20-multi-log,29,23,32,8070,11008
alma-7b-slimgpt20-multi-log,30,23,32,8042,11008
alma-7b-slimgpt20-multi-log,31,23,32,8014,11008
alma-7b-slimgpt20-multi-target,0,32,32,10749,11008
alma-7b-slimgpt20-multi-target,1,32,32,11008,11008
alma-7b-slimgpt20-multi-target,2,22,32,8251,11008
alma-7b-slimgpt20-multi-target,3,23,32,9505,11008
alma-7b-slimgpt20-multi-target,4,23,32,8014,11008
alma-7b-slimgpt20-multi-target,5,25,32,7066,11008
alma-7b-slimgpt20-multi-target,6,23,32,6991,11008
alma-7b-slimgpt20-multi-target,7,24,32,7634,11008
alma-7b-slimgpt20-multi-target,8,22,32,10966,11008
alma-7b-slimgpt20-multi-target,9,26,32,7657,11008
alma-7b-slimgpt20-multi-target,10,24,32,7229,11008
alma-7b-slimgpt20-multi-target,11,25,32,8221,11008
alma-7b-slimgpt20-multi-target,12,26,32,7563,11008
alma-7b-slimgpt20-multi-target,13,25,32,6910,11008
alma-7b-slimgpt20-multi-target,14,23,32,7528,11008
alma-7b-slimgpt20-multi-target,15,23,32,6949,11008
alma-7b-slimgpt20-multi-target,16,25,32,11008,11008
alma-7b-slimgpt20-multi-target,17,24,32,6990,11008
alma-7b-slimgpt20-multi-target,18,25,32,6852,11008
alma-7b-slimgpt20-multi-target,19,24,32,11008,11008
alma-7b-slimgpt20-multi-target,20,23,32,7728,11008
alma-7b-slimgpt20-multi-target,21,27,32,8983,11008
alma-7b-slimgpt20-multi-target,22,29,32,8784,11008
alma-7b-slimgpt20-multi-target,23,26,32,9019,11008
alma-7b-slimgpt20-multi-target,24,23,32,9670,11008
alma-7b-slimgpt20-multi-target,25,31,32,10934,11008
alma-7b-slimgpt20-multi-target,26,26,32,9488,11008
alma-7b-slimgpt20-multi-target,27,25,32,7960,11008
alma-7b-slimgpt20-multi-target,28,26,32,8116,11008
alma-7b-slimgpt20-multi-target,29,29,32,11008,11008
alma-7b-slimgpt20-multi-target,30,26,32,11008,11008
alma-7b-slimgpt20-multi-target,31,32,32,11008,11008
alma-7b-slimgpt20-multi-uniform,0,26,32,8806,11008
alma-7b-slimgpt20-multi-uniform,1,26,32,8806,11008
alma-7b-slimgpt20-multi-uniform,2,26,32,8806,11008
alma-7b-slimgpt20-multi-uniform,3,26,32,8806,11008
alma-7b-slimgpt20-multi-uniform,4,26,32,8806,11008
alma-7b-slimgpt20-multi-uniform,5,26,32,8806,11008
alma-7b-slimgpt20-multi-uniform,6,26,32,8806,11008
alma-7b-slimgpt20-multi-uniform,7,26,32,8806,11008
alma-7b-slimgpt20-multi-uniform,8,26,32,8806,11008
alma-7b-slimgpt20-multi-uniform,9,26,32,8806,11008
alma-7b-slimgpt20-multi-uniform,10,26,32,8806,11008
alma-7b-slimgpt20-multi-uniform,11,26,32,8806,11008
alma-7b-slimgpt20-multi-uniform,12,26,32,8806,11008
alma-7b-slimgpt20-multi-uniform,13,26,32,8806,11008
alma-7b-slimgpt20-multi-uniform,14,26,32,8806,11008
alma-7b-slimgpt20-multi-uniform,15,26,32,8806,11008
alma-7b-slimgpt20-multi-uniform,16,26,32,8806,11008
alma-7b-slimgpt20-multi-uniform,17,26,32,8806,11008
alma-7b-slimgpt20-multi-uniform,18,26,32,8806,11008
alma-7b-slimgpt20-multi-uniform,19,26,32,8806,11008
alma-7b-slimgpt20-multi-uniform,20,26,32,8806,11008
alma-7b-slimgpt20-multi-uniform,21,26,32,8806,11008
alma-7b-slimgpt20-multi-uniform,22,26,32,8806,11008
alma-7b-slimgpt20-multi-uniform,23,26,32,8806,11008
alma-7b-slimgpt20-multi-uniform,24,26,32,8806,11008
alma-7b-slimgpt20-multi-uniform,25,26,32,8806,11008
alma-7b-slimgpt20-multi-uniform,26,26,32,8806,11008
alma-7b-slimgpt20-multi-uniform,27,26,32,8806,11008
alma-7b-slimgpt20-multi-uniform,28,26,32,8806,11008
alma-7b-slimgpt20-multi-uniform,29,26,32,8806,11008
alma-7b-slimgpt20-multi-uniform,30,26,32,8806,11008
alma-7b-slimgpt20-multi-uniform,31,26,32,8806,11008
alma-7b-slimgpt20-multi,0,32,32,10959,11008
alma-7b-slimgpt20-multi,1,32,32,11008,11008
alma-7b-slimgpt20-multi,2,24,32,7985,11008
alma-7b-slimgpt20-multi,3,24,32,9722,11008
alma-7b-slimgpt20-multi,4,23,32,8319,11008
alma-7b-slimgpt20-multi,5,26,32,7078,11008
alma-7b-slimgpt20-multi,6,21,32,7371,11008
alma-7b-slimgpt20-multi,7,23,32,7608,11008
alma-7b-slimgpt20-multi,8,23,32,10960,11008
alma-7b-slimgpt20-multi,9,23,32,7046,11008
alma-7b-slimgpt20-multi,10,26,32,7935,11008
alma-7b-slimgpt20-multi,11,25,32,6648,11008
alma-7b-slimgpt20-multi,12,28,32,6886,11008
alma-7b-slimgpt20-multi,13,22,32,7101,11008
alma-7b-slimgpt20-multi,14,26,32,6959,11008
alma-7b-slimgpt20-multi,15,25,32,6851,11008
alma-7b-slimgpt20-multi,16,23,32,11008,11008
alma-7b-slimgpt20-multi,17,23,32,7300,11008
alma-7b-slimgpt20-multi,18,30,32,7073,11008
alma-7b-slimgpt20-multi,19,21,32,11008,11008
alma-7b-slimgpt20-multi,20,25,32,7815,11008
alma-7b-slimgpt20-multi,21,22,32,9749,11008
alma-7b-slimgpt20-multi,22,26,32,8984,11008
alma-7b-slimgpt20-multi,23,24,32,8958,11008
alma-7b-slimgpt20-multi,24,23,32,9760,11008
alma-7b-slimgpt20-multi,25,32,32,11000,11008
alma-7b-slimgpt20-multi,26,27,32,9373,11008
alma-7b-slimgpt20-multi,27,25,32,8191,11008
alma-7b-slimgpt20-multi,28,26,32,8126,11008
alma-7b-slimgpt20-multi,29,30,32,11008,11008
alma-7b-slimgpt20-multi,30,27,32,11008,11008
alma-7b-slimgpt20-multi,31,32,32,11008,11008
alma-7b-slimgpt20-ru,0,32,32,11008,11008
alma-7b-slimgpt20-ru,1,32,32,11008,11008
alma-7b-slimgpt20-ru,2,23,32,6611,11008
alma-7b-slimgpt20-ru,3,27,32,6534,11008
alma-7b-slimgpt20-ru,4,23,32,6981,11008
alma-7b-slimgpt20-ru,5,26,32,6952,11008
alma-7b-slimgpt20-ru,6,19,32,6741,11008
alma-7b-slimgpt20-ru,7,22,32,6904,11008
alma-7b-slimgpt20-ru,8,22,32,11008,11008
alma-7b-slimgpt20-ru,9,24,32,6363,11008
alma-7b-slimgpt20-ru,10,23,32,8177,11008
alma-7b-slimgpt20-ru,11,25,32,6385,11008
alma-7b-slimgpt20-ru,12,31,32,6493,11008
alma-7b-slimgpt20-ru,13,22,32,6791,11008
alma-7b-slimgpt20-ru,14,25,32,7037,11008
alma-7b-slimgpt20-ru,15,23,32,6989,11008
alma-7b-slimgpt20-ru,16,23,32,11008,11008
alma-7b-slimgpt20-ru,17,22,32,9223,11008
alma-7b-slimgpt20-ru,18,25,32,7304,11008
alma-7b-slimgpt20-ru,19,26,32,11008,11008
alma-7b-slimgpt20-ru,20,24,32,7872,11008
alma-7b-slimgpt20-ru,21,19,32,8302,11008
alma-7b-slimgpt20-ru,22,32,32,11008,11008
alma-7b-slimgpt20-ru,23,23,32,11008,11008
alma-7b-slimgpt20-ru,24,24,32,11008,11008
alma-7b-slimgpt20-ru,25,32,32,11008,11008
alma-7b-slimgpt20-ru,26,29,32,11008,11008
alma-7b-slimgpt20-ru,27,29,32,8536,11008
alma-7b-slimgpt20-ru,28,20,32,8506,11008
alma-7b-slimgpt20-ru,29,28,32,11008,11008
alma-7b-slimgpt20-ru,30,32,32,11008,11008
alma-7b-slimgpt20-ru,31,32,32,11008,11008
alma-7b-slimgpt20-zh,0,32,32,11008,11008
alma-7b-slimgpt20-zh,1,32,32,11008,11008
alma-7b-slimgpt20-zh,2,24,32,6476,11008
alma-7b-slimgpt20-zh,3,26,32,11008,11008
alma-7b-slimgpt20-zh,4,23,32,9111,11008
alma-7b-slimgpt20-zh,5,26,32,7420,11008
alma-7b-slimgpt20-zh,6,20,32,9039,11008
alma-7b-slimgpt20-zh,7,20,32,7517,11008
alma-7b-slimgpt20-zh,8,23,32,11008,11008
alma-7b-slimgpt20-zh,9,27,32,6844,11008
alma-7b-slimgpt20-zh,10,23,32,8312,11008
alma-7b-slimgpt20-zh,11,24,32,6750,11008
alma-7b-slimgpt20-zh,12,28,32,6661,11008
alma-7b-slimgpt20-zh,13,22,32,9332,11008
alma-7b-slimgpt20-zh,14,25,32,8567,11008
alma-7b-slimgpt20-zh,15,25,32,7196,11008
alma-7b-slimgpt20-zh,16,24,32,11008,11008
alma-7b-slimgpt20-zh,17,22,32,7466,11008
alma-7b-slimgpt20-zh,18,27,32,7556,11008
alma-7b-slimgpt20-zh,19,28,32,11008,11008
alma-7b-slimgpt20-zh,20,28,32,7716,11008
alma-7b-slimgpt20-zh,21,19,32,11008,11008
alma-7b-slimgpt20-zh,22,31,32,6994,11008
alma-7b-slimgpt20-zh,23,22,32,7404,11008
alma-7b-slimgpt20-zh,24,32,32,7480,11008
alma-7b-slimgpt20-zh,25,26,32,10980,11008
alma-7b-slimgpt20-zh,26,27,32,8393,11008
alma-7b-slimgpt20-zh,27,23,32,7141,11008
alma-7b-slimgpt20-zh,28,27,32,7370,11008
alma-7b-slimgpt20-zh,29,30,32,11008,11008
alma-7b-slimgpt20-zh,30,21,32,11008,11008
alma-7b-slimgpt20-zh,31,32,32,11008,11008
alma-7b-slimgpt50-multi-log,0,32,32,11008,11008
alma-7b-slimgpt50-multi-log,1,28,32,9511,11008
alma-7b-slimgpt50-multi-log,2,25,32,8635,11008
alma-7b-slimgpt50-multi-log,3,23,32,8014,11008
alma-7b-slimgpt50-multi-log,4,22,32,7532,11008
alma-7b-slimgpt50-multi-log,5,21,32,7139,11008
alma-7b-slimgpt50-multi-log,6,20,32,6806,11008
alma-7b-slimgpt50-multi-log,7,19,32,6517,11008
alma-7b-slimgpt50-multi-log,8,18,32,6263,11008
alma-7b-slimgpt50-multi-log,9,18,32,6035,11008
alma-7b-slimgpt50-multi-log,10,17,32,5830,11008
alma-7b-slimgpt50-multi-log,11,16,32,5642,11008
alma-7b-slimgpt50-multi-log,12,16,32,5469,11008
alma-7b-slimgpt50-multi-log,13,15,32,5309,11008
alma-7b-slimgpt50-multi-log,14,15,32,5160,11008
alma-7b-slimgpt50-multi-log,15,15,32,5020,11008
alma-7b-slimgpt50-multi-log,16,14,32,4890,11008
alma-7b-slimgpt50-multi-log,17,14,32,4766,11008
alma-7b-slimgpt50-multi-log,18,14,32,4649,11008
alma-7b-slimgpt50-multi-log,19,13,32,4539,11008
alma-7b-slimgpt50-multi-log,20,13,32,4433,11008
alma-7b-slimgpt50-multi-log,21,13,32,4333,11008
alma-7b-slimgpt50-multi-log,22,12,32,4237,11008
alma-7b-slimgpt50-multi-log,23,12,32,4145,11008
alma-7b-slimgpt50-multi-log,24,12,32,4057,11008
alma-7b-slimgpt50-multi-log,25,12,32,3972,11008
alma-7b-slimgpt50-multi-log,26,11,32,3890,11008
alma-7b-slimgpt50-multi-log,27,11,32,3812,11008
alma-7b-slimgpt50-multi-log,28,11,32,3736,11008
alma-7b-slimgpt50-multi-log,29,11,32,3663,11008
alma-7b-slimgpt50-multi-log,30,10,32,3592,11008
alma-7b-slimgpt50-multi-log,31,10,32,3524,11008
alma-7b-slimgpt50-multi,0,16,32,3427,11008
alma-7b-slimgpt50-multi,1,11,32,11008,11008
alma-7b-slimgpt50-multi,2,19,32,5028,11008
alma-7b-slimgpt50-multi,3,17,32,4564,11008
alma-7b-slimgpt50-multi,4,16,32,4423,11008
alma-7b-slimgpt50-multi,5,17,32,4496,11008
alma-7b-slimgpt50-multi,6,17,32,4542,11008
alma-7b-slimgpt50-multi,7,18,32,4711,11008
alma-7b-slimgpt50-multi,8,14,32,5679,11008
alma-7b-slimgpt50-multi,9,18,32,4494,11008
alma-7b-slimgpt50-multi,10,16,32,4662,11008
alma-7b-slimgpt50-multi,11,17,32,4328,11008
alma-7b-slimgpt50-multi,12,15,32,4233,11008
alma-7b-slimgpt50-multi,13,19,32,3998,11008
alma-7b-slimgpt50-multi,14,17,32,3941,11008
alma-7b-slimgpt50-multi,15,16,32,3992,11008
alma-7b-slimgpt50-multi,16,18,32,10811,11008
alma-7b-slimgpt50-multi,17,18,32,4071,11008
alma-7b-slimgpt50-multi,18,16,32,4010,11008
alma-7b-slimgpt50-multi,19,15,32,9930,11008
alma-7b-slimgpt50-multi,20,16,32,3974,11008
alma-7b-slimgpt50-multi,21,17,32,4125,11008
alma-7b-slimgpt50-multi,22,16,32,3919,11008
alma-7b-slimgpt50-multi,23,15,32,3869,11008
alma-7b-slimgpt50-multi,24,14,32,4022,11008
alma-7b-slimgpt50-multi,25,14,32,5019,11008
alma-7b-slimgpt50-multi,26,13,32,3915,11008
alma-7b-slimgpt50-multi,27,13,32,3949,11008
alma-7b-slimgpt50-multi,28,14,32,3993,11008
alma-7b-slimgpt50-multi,29,14,32,11008,11008
alma-7b-slimgpt50-multi,30,17,32,11008,11008
alma-7b-slimgpt50-multi,31,19,32,10979,11008
