left,right,component,jaccard,chance_jaccard,excess_over_chance
alma-7b-flap20-de,alma-7b-flap20-multi,attention_heads,0.933884,0.680431,0.253453
alma-7b-flap20-de,alma-7b-flap20-multi,ffn_channels,0.876398,0.713909,0.16249
alma-7b-flap20-de,alma-7b-slimgpt20-cs,attention_heads,0.824053,0.676561,0.147493
alma-7b-flap20-de,alma-7b-slimgpt20-cs,ffn_channels,0.720101,0.685144,0.034957
alma-7b-flap20-de,alma-7b-slimgpt20-de,attention_heads,0.832215,0.679838,0.152376
alma-7b-flap20-de,alma-7b-slimgpt20-de,ffn_channels,0.718842,0.680508,0.038334
alma-7b-flap20-de,alma-7b-slimgpt20-is,attention_heads,0.813953,0.677151,0.136802
alma-7b-flap20-de,alma-7b-slimgpt20-is,ffn_channels,0.719062,0.686893,0.032169
alma-7b-flap20-de,alma-7b-slimgpt20-multi-256,attention_heads,0.844595,0.677795,0.166799
alma-7b-flap20-de,alma-7b-slimgpt20-multi-256,ffn_channels,0.791604,0.694892,0.096712
alma-7b-flap20-de,alma-7b-slimgpt20-multi-log,attention_heads,0.81798,0.668768,0.149212
alma-7b-flap20-de,alma-7b-slimgpt20-multi-log,ffn_channels,0.750016,0.672372,0.077644
alma-7b-flap20-de,alma-7b-slimgpt20-multi-target,attention_heads,0.784314,0.675061,0.109253
alma-7b-flap20-de,alma-7b-slimgpt20-multi-target,ffn_channels,0.786805,0.693247,0.093557
alma-7b-flap20-de,alma-7b-slimgpt20-multi-uniform,attention_heads,0.814286,0.675185,0.1391
alma-7b-flap20-de,alma-7b-slimgpt20-multi-uniform,ffn_channels,0.741722,0.666642,0.075081
alma-7b-flap20-de,alma-7b-slimgpt20-multi,attention_heads,0.844595,0.67699,0.167605
alma-7b-flap20-de,alma-7b-slimgpt20-multi,ffn_channels,0.783672,0.69381,0.089862
alma-7b-flap20-de,alma-7b-slimgpt20-ru,attention_heads,0.832215,0.676561,0.155654
alma-7b-flap20-de,alma-7b-slimgpt20-ru,ffn_channels,0.714278,0.683839,0.030438
alma-7b-flap20-de,alma-7b-slimgpt20-zh,attention_heads,0.8,0.672122,0.127878
alma-7b-flap20-de,alma-7b-slimgpt20-zh,ffn_channels,0.732239,0.694128,0.038111
alma-7b-flap20-de,alma-7b-slimgpt50-multi-log,attention_heads,0.606755,0.450339,0.156417
alma-7b-flap20-de,alma-7b-slimgpt50-multi-log,ffn_channels,0.55678,0.457703,0.099076
alma-7b-flap20-de,alma-7b-slimgpt50-multi,attention_heads,0.613333,0.443503,0.16983
alma-7b-flap20-de,alma-7b-slimgpt50-multi,ffn_channels,0.580562,0.482337,0.098225
alma-7b-flap20-multi,alma-7b-slimgpt20-cs,attention_heads,0.82,0.678332,0.141668
alma-7b-flap20-multi,alma-7b-slimgpt20-cs,ffn_channels,0.721462,0.682364,0.039097
alma-7b-flap20-multi,alma-7b-slimgpt20-de,attention_heads,0.82,0.676239,0.143761
alma-7b-flap20-multi,alma-7b-slimgpt20-de,ffn_channels,0.716633,0.68224,0.034393
alma-7b-flap20-multi,alma-7b-slimgpt20-is,attention_heads,0.826087,0.678924,0.147163
alma-7b-flap20-multi,alma-7b-slimgpt20-is,ffn_channels,0.732916,0.68991,0.043006
alma-7b-flap20-multi,alma-7b-slimgpt20-multi-256,attention_heads,0.844595,0.6764,0.168195
alma-7b-flap20-multi,alma-7b-slimgpt20-multi-256,ffn_channels,0.819464,0.697086,0.122379
alma-7b-flap20-multi,alma-7b-slimgpt20-multi-log,attention_heads,0.822024,0.668927,0.153097
alma-7b-flap20-multi,alma-7b-slimgpt20-multi-log,ffn_channels,0.7742,0.673773,0.100427
alma-7b-flap20-multi,alma-7b-slimgpt20-multi-target,attention_heads,0.784314,0.675221,0.109092
alma-7b-flap20-multi,alma-7b-slimgpt20-multi-target,ffn_channels,0.814754,0.695761,0.118993
alma-7b-flap20-multi,alma-7b-slimgpt20-multi-uniform,attention_heads,0.822296,0.675185,0.14711
alma-7b-flap20-multi,alma-7b-slimgpt20-multi-uniform,ffn_channels,0.760635,0.666642,0.093994
alma-7b-flap20-multi,alma-7b-slimgpt20-multi,attention_heads,0.844595,0.676936,0.167658
alma-7b-flap20-multi,alma-7b-slimgpt20-multi,ffn_channels,0.810818,0.696169,0.11465
alma-7b-flap20-multi,alma-7b-slimgpt20-ru,attention_heads,0.828125,0.677956,0.150169
alma-7b-flap20-multi,alma-7b-slimgpt20-ru,ffn_channels,0.713548,0.681208,0.032341
alma-7b-flap20-multi,alma-7b-slimgpt20-zh,attention_heads,0.796053,0.670736,0.125317
alma-7b-flap20-multi,alma-7b-slimgpt20-zh,ffn_channels,0.7518,0.700502,0.051298
alma-7b-flap20-multi,alma-7b-slimgpt50-multi-log,attention_heads,0.604819,0.45103,0.153789
alma-7b-flap20-multi,alma-7b-slimgpt50-multi-log,ffn_channels,0.585437,0.460984,0.124453
alma-7b-flap20-multi,alma-7b-slimgpt50-multi,attention_heads,0.61138,0.443943,0.167437
alma-7b-flap20-multi,alma-7b-slimgpt50-multi,ffn_channels,0.606399,0.484438,0.121961
alma-7b-slimgpt20-cs,alma-7b-slimgpt20-de,attention_heads,0.940758,0.690184,0.250574
alma-7b-slimgpt20-cs,alma-7b-slimgpt20-de,ffn_channels,0.924713,0.708444,0.216269
alma-7b-slimgpt20-cs,alma-7b-slimgpt20-is,attention_heads,0.924794,0.691221,0.233574
alma-7b-slimgpt20-cs,alma-7b-slimgpt20-is,ffn_channels,0.90866,0.704088,0.204572
alma-7b-slimgpt20-cs,alma-7b-slimgpt20-multi-256,attention_heads,0.909091,0.685348,0.223743
alma-7b-slimgpt20-cs,alma-7b-slimgpt20-multi-256,ffn_channels,0.829766,0.702687,0.127078
alma-7b-slimgpt20-cs,alma-7b-slimgpt20-multi-log,attention_heads,0.840449,0.665798,0.174651
alma-7b-slimgpt20-cs,alma-7b-slimgpt20-multi-log,ffn_channels,0.770988,0.661962,0.109027
alma-7b-slimgpt20-cs,alma-7b-slimgpt20-multi-target,attention_heads,0.844595,0.682103,0.162492
alma-7b-slimgpt20-cs,alma-7b-slimgpt20-multi-target,ffn_channels,0.826451,0.700526,0.125926
alma-7b-slimgpt20-cs,alma-7b-slimgpt20-multi-uniform,attention_heads,0.855056,0.675185,0.179871
alma-7b-slimgpt20-cs,alma-7b-slimgpt20-multi-uniform,ffn_channels,0.785999,0.666642,0.119357
alma-7b-slimgpt20-cs,alma-7b-slimgpt20-multi,attention_heads,0.915789,0.686649,0.22914
alma-7b-slimgpt20-cs,alma-7b-slimgpt20-multi,ffn_channels,0.849594,0.703001,0.146593
alma-7b-slimgpt20-cs,alma-7b-slimgpt20-ru,attention_heads,0.954654,0.694227,0.260427
alma-7b-slimgpt20-cs,alma-7b-slimgpt20-ru,ffn_channels,0.93329,0.713557,0.219732
alma-7b-slimgpt20-cs,alma-7b-slimgpt20-zh,attention_heads,0.880597,0.680431,0.200166
alma-7b-slimgpt20-cs,alma-7b-slimgpt20-zh,ffn_channels,0.8659,0.694644,0.171255
alma-7b-slimgpt20-cs,alma-7b-slimgpt50-multi-log,attention_heads,0.618469,0.443365,0.175104
alma-7b-slimgpt20-cs,alma-7b-slimgpt50-multi-log,ffn_channels,0.555891,0.43362,0.122272
alma-7b-slimgpt20-cs,alma-7b-slimgpt50-multi,attention_heads,0.623171,0.439892,0.183279
alma-7b-slimgpt20-cs,alma-7b-slimgpt50-multi,ffn_channels,0.598928,0.479847,0.119081
alma-7b-slimgpt20-de,alma-7b-slimgpt20-is,attention_heads,0.909091,0.686269,0.222821
alma-7b-slimgpt20-de,alma-7b-slimgpt20-is,ffn_channels,0.900864,0.702238,0.198626
alma-7b-slimgpt20-de,alma-7b-slimgpt20-multi-256,attention_heads,0.902439,0.684752,0.217687
alma-7b-slimgpt20-de,alma-7b-slimgpt20-multi-256,ffn_channels,0.822064,0.702767,0.119297
alma-7b-slimgpt20-de,alma-7b-slimgpt20-multi-log,attention_heads,0.84252,0.664687,0.177833
alma-7b-slimgpt20-de,alma-7b-slimgpt20-multi-log,ffn_channels,0.766935,0.662484,0.104451
alma-7b-slimgpt20-de,alma-7b-slimgpt20-multi-target,attention_heads,0.832215,0.679892,0.152322
alma-7b-slimgpt20-de,alma-7b-slimgpt20-multi-target,ffn_channels,0.818695,0.700359,0.118336
alma-7b-slimgpt20-de,alma-7b-slimgpt20-multi-uniform,attention_heads,0.850897,0.675185,0.175711
alma-7b-slimgpt20-de,alma-7b-slimgpt20-multi-uniform,ffn_channels,0.780818,0.666642,0.114177
alma-7b-slimgpt20-de,alma-7b-slimgpt20-multi,attention_heads,0.904651,0.683832,0.220819
alma-7b-slimgpt20-de,alma-7b-slimgpt20-multi,ffn_channels,0.842019,0.702981,0.139038
alma-7b-slimgpt20-de,alma-7b-slimgpt20-ru,attention_heads,0.931604,0.687029,0.244574
alma-7b-slimgpt20-de,alma-7b-slimgpt20-ru,ffn_channels,0.933303,0.713302,0.220001
alma-7b-slimgpt20-de,alma-7b-slimgpt20-zh,attention_heads,0.876289,0.680754,0.195534
alma-7b-slimgpt20-de,alma-7b-slimgpt20-zh,ffn_channels,0.86083,0.693216,0.167614
alma-7b-slimgpt20-de,alma-7b-slimgpt50-multi-log,attention_heads,0.616505,0.440779,0.175726
alma-7b-slimgpt20-de,alma-7b-slimgpt50-multi-log,ffn_channels,0.551758,0.434816,0.116942
alma-7b-slimgpt20-de,alma-7b-slimgpt50-multi,attention_heads,0.623171,0.438287,0.184883
alma-7b-slimgpt20-de,alma-7b-slimgpt50-multi,ffn_channels,0.593792,0.48057,0.113222
alma-7b-slimgpt20-is,alma-7b-slimgpt20-multi-256,attention_heads,0.920281,0.683561,0.23672
alma-7b-slimgpt20-is,alma-7b-slimgpt20-multi-256,ffn_channels,0.824618,0.699004,0.125614
alma-7b-slimgpt20-is,alma-7b-slimgpt20-multi-log,attention_heads,0.861364,0.666539,0.194824
alma-7b-slimgpt20-is,alma-7b-slimgpt20-multi-log,ffn_channels,0.778112,0.663688,0.114424
alma-7b-slimgpt20-is,alma-7b-slimgpt20-multi-target,attention_heads,0.838384,0.68,0.158384
alma-7b-slimgpt20-is,alma-7b-slimgpt20-multi-target,ffn_channels,0.820904,0.696964,0.123941
alma-7b-slimgpt20-is,alma-7b-slimgpt20-multi-uniform,attention_heads,0.874007,0.675185,0.198821
alma-7b-slimgpt20-is,alma-7b-slimgpt20-multi-uniform,ffn_channels,0.789629,0.666642,0.122987
alma-7b-slimgpt20-is,alma-7b-slimgpt20-multi,attention_heads,0.929329,0.684373,0.244956
alma-7b-slimgpt20-is,alma-7b-slimgpt20-multi,ffn_channels,0.84556,0.699726,0.145833
alma-7b-slimgpt20-is,alma-7b-slimgpt20-ru,attention_heads,0.911319,0.687735,0.223583
alma-7b-slimgpt20-is,alma-7b-slimgpt20-ru,ffn_channels,0.893304,0.704304,0.189
alma-7b-slimgpt20-is,alma-7b-slimgpt20-zh,attention_heads,0.874142,0.67801,0.196132
alma-7b-slimgpt20-is,alma-7b-slimgpt20-zh,ffn_channels,0.87917,0.698121,0.181049
alma-7b-slimgpt20-is,alma-7b-slimgpt50-multi-log,attention_heads,0.610641,0.44542,0.165221
alma-7b-slimgpt20-is,alma-7b-slimgpt50-multi-log,ffn_channels,0.558937,0.437577,0.12136
alma-7b-slimgpt20-is,alma-7b-slimgpt50-multi,attention_heads,0.621194,0.440379,0.180815
alma-7b-slimgpt20-is,alma-7b-slimgpt50-multi,ffn_channels,0.596932,0.480619,0.116313
alma-7b-slimgpt20-multi-256,alma-7b-slimgpt20-multi-log,attention_heads,0.887097,0.666698,0.220398
alma-7b-slimgpt20-multi-256,alma-7b-slimgpt20-multi-log,ffn_channels,0.83264,0.666582,0.166058
alma-7b-slimgpt20-multi-256,alma-7b-slimgpt20-multi-target,attention_heads,0.859251,0.678816,0.180435
alma-7b-slimgpt20-multi-256,alma-7b-slimgpt20-multi-target,ffn_channels,0.938983,0.702278,0.236705
alma-7b-slimgpt20-multi-256,alma-7b-slimgpt20-multi-uniform,attention_heads,0.897701,0.675185,0.222516
alma-7b-slimgpt20-multi-256,alma-7b-slimgpt20-multi-uniform,ffn_channels,0.842109,0.666642,0.175467
alma-7b-slimgpt20-multi-256,alma-7b-slimgpt20-multi,attention_heads,0.987864,0.684048,0.303816
alma-7b-slimgpt20-multi-256,alma-7b-slimgpt20-multi,ffn_channels,0.965126,0.704974,0.260152
alma-7b-slimgpt20-multi-256,alma-7b-slimgpt20-ru,attention_heads,0.904651,0.682427,0.222225
alma-7b-slimgpt20-multi-256,alma-7b-slimgpt20-ru,ffn_channels,0.820822,0.705065,0.115757
alma-7b-slimgpt20-multi-256,alma-7b-slimgpt20-zh,attention_heads,0.902439,0.679516,0.222924
alma-7b-slimgpt20-multi-256,alma-7b-slimgpt20-zh,ffn_channels,0.833802,0.699547,0.134255
alma-7b-slimgpt20-multi-256,alma-7b-slimgpt50-multi-log,attention_heads,0.622412,0.445862,0.17655
alma-7b-slimgpt20-multi-256,alma-7b-slimgpt50-multi-log,ffn_channels,0.620428,0.444247,0.176181
alma-7b-slimgpt20-multi-256,alma-7b-slimgpt50-multi,attention_heads,0.625153,0.440476,0.184676
alma-7b-slimgpt20-multi-256,alma-7b-slimgpt50-multi,ffn_channels,0.625,0.482375,0.142624
alma-7b-slimgpt20-multi-log,alma-7b-slimgpt20-multi-target,attention_heads,0.807947,0.666645,0.141302
alma-7b-slimgpt20-multi-log,alma-7b-slimgpt20-multi-target,ffn_channels,0.827511,0.666372,0.161139
alma-7b-slimgpt20-multi-log,alma-7b-slimgpt20-multi-uniform,attention_heads,0.933255,0.675185,0.25807
alma-7b-slimgpt20-multi-log,alma-7b-slimgpt20-multi-uniform,ffn_channels,0.937092,0.666642,0.27045
alma-7b-slimgpt20-multi-log,alma-7b-slimgpt20-multi,attention_heads,0.891455,0.667494,0.223961
alma-7b-slimgpt20-multi-log,alma-7b-slimgpt20-multi,ffn_channels,0.838162,0.666347,0.171815
alma-7b-slimgpt20-multi-log,alma-7b-slimgpt20-ru,attention_heads,0.857143,0.66691,0.190232
alma-7b-slimgpt20-multi-log,alma-7b-slimgpt20-ru,ffn_channels,0.757969,0.661379,0.096589
alma-7b-slimgpt20-multi-log,alma-7b-slimgpt20-zh,attention_heads,0.859251,0.667494,0.191757
alma-7b-slimgpt20-multi-log,alma-7b-slimgpt20-zh,ffn_channels,0.793919,0.668621,0.125298
alma-7b-slimgpt20-multi-log,alma-7b-slimgpt50-multi-log,attention_heads,0.626374,0.463083,0.163291
alma-7b-slimgpt20-multi-log,alma-7b-slimgpt50-multi-log,ffn_channels,0.625,0.46219,0.162809
alma-7b-slimgpt20-multi-log,alma-7b-slimgpt50-multi,attention_heads,0.625153,0.444825,0.180327
alma-7b-slimgpt20-multi-log,alma-7b-slimgpt50-multi,ffn_channels,0.552142,0.441666,0.110476
alma-7b-slimgpt20-multi-target,alma-7b-slimgpt20-multi-uniform,attention_heads,0.822296,0.675185,0.14711
alma-7b-slimgpt20-multi-target,alma-7b-slimgpt20-multi-uniform,ffn_channels,0.837976,0.666642,0.171334
alma-7b-slimgpt20-multi-target,alma-7b-slimgpt20-multi,attention_heads,0.852941,0.678816,0.174125
alma-7b-slimgpt20-multi-target,alma-7b-slimgpt20-multi,ffn_channels,0.935939,0.701846,0.234093
alma-7b-slimgpt20-multi-target,alma-7b-slimgpt20-ru,attention_heads,0.832215,0.680108,0.152107
alma-7b-slimgpt20-multi-target,alma-7b-slimgpt20-ru,ffn_channels,0.817423,0.702334,0.115088
alma-7b-slimgpt20-multi-target,alma-7b-slimgpt20-zh,attention_heads,0.848758,0.676186,0.172573
alma-7b-slimgpt20-multi-target,alma-7b-slimgpt20-zh,ffn_channels,0.826558,0.696379,0.130179
alma-7b-slimgpt20-multi-target,alma-7b-slimgpt50-multi-log,attention_heads,0.612591,0.446205,0.166386
alma-7b-slimgpt20-multi-target,alma-7b-slimgpt50-multi-log,ffn_channels,0.617909,0.443764,0.174145
alma-7b-slimgpt20-multi-target,alma-7b-slimgpt50-multi,attention_heads,0.617254,0.442232,0.175022
alma-7b-slimgpt20-multi-target,alma-7b-slimgpt50-multi,ffn_channels,0.624982,0.482278,0.142704
alma-7b-slimgpt20-multi-uniform,alma-7b-slimgpt20-multi,attention_heads,0.902074,0.675185,0.226888
alma-7b-slimgpt20-multi-uniform,alma-7b-slimgpt20-multi,ffn_channels,0.846557,0.666642,0.179916
alma-7b-slimgpt20-multi-uniform,alma-7b-slimgpt20-ru,attention_heads,0.863431,0.675185,0.188246
alma-7b-slimgpt20-multi-uniform,alma-7b-slimgpt20-ru,ffn_channels,0.773612,0.666642,0.10697
alma-7b-slimgpt20-multi-uniform,alma-7b-slimgpt20-zh,attention_heads,0.867647,0.675185,0.192462
alma-7b-slimgpt20-multi-uniform,alma-7b-slimgpt20-zh,ffn_channels,0.793598,0.666642,0.126956
alma-7b-slimgpt20-multi-uniform,alma-7b-slimgpt50-multi-log,attention_heads,0.60119,0.449061,0.15213
alma-7b-slimgpt20-multi-uniform,alma-7b-slimgpt50-multi-log,ffn_channels,0.608436,0.444433,0.164002
alma-7b-slimgpt20-multi-uniform,alma-7b-slimgpt50-multi,attention_heads,0.615385,0.448276,0.167109
alma-7b-slimgpt20-multi-uniform,alma-7b-slimgpt50-multi,ffn_channels,0.559142,0.444433,0.114709
alma-7b-slimgpt20-multi,alma-7b-slimgpt20-ru,attention_heads,0.913551,0.683507,0.230044
alma-7b-slimgpt20-multi,alma-7b-slimgpt20-ru,ffn_channels,0.839398,0.705193,0.134205
alma-7b-slimgpt20-multi,alma-7b-slimgpt20-zh,attention_heads,0.902439,0.678978,0.223461
alma-7b-slimgpt20-multi,alma-7b-slimgpt20-zh,ffn_channels,0.853852,0.700084,0.153768
alma-7b-slimgpt20-multi,alma-7b-slimgpt50-multi-log,attention_heads,0.62439,0.447629,0.176761
alma-7b-slimgpt20-multi,alma-7b-slimgpt50-multi-log,ffn_channels,0.620629,0.443704,0.176925
alma-7b-slimgpt20-multi,alma-7b-slimgpt50-multi,attention_heads,0.625153,0.441061,0.184092
alma-7b-slimgpt20-multi,alma-7b-slimgpt50-multi,ffn_channels,0.625,0.482166,0.142833
alma-7b-slimgpt20-ru,alma-7b-slimgpt20-zh,attention_heads,0.895833,0.682265,0.213569
alma-7b-slimgpt20-ru,alma-7b-slimgpt20-zh,ffn_channels,0.853419,0.692217,0.161202
alma-7b-slimgpt20-ru,alma-7b-slimgpt50-multi-log,attention_heads,0.620438,0.44596,0.174478
alma-7b-slimgpt20-ru,alma-7b-slimgpt50-multi-log,ffn_channels,0.5475,0.432286,0.115214
alma-7b-slimgpt20-ru,alma-7b-slimgpt50-multi,attention_heads,0.625153,0.440476,0.184676
alma-7b-slimgpt20-ru,alma-7b-slimgpt50-multi,ffn_channels,0.592262,0.479735,0.112527
alma-7b-slimgpt20-zh,alma-7b-slimgpt50-multi-log,attention_heads,0.614545,0.448072,0.166473
alma-7b-slimgpt20-zh,alma-7b-slimgpt50-multi-log,ffn_channels,0.575689,0.448971,0.126718
alma-7b-slimgpt20-zh,alma-7b-slimgpt50-multi,attention_heads,0.619221,0.44033,0.178891
alma-7b-slimgpt20-zh,alma-7b-slimgpt50-multi,ffn_channels,0.601159,0.482695,0.118464
alma-7b-slimgpt50-multi-log,alma-7b-slimgpt50-multi,attention_heads,0.77643,0.335016,0.441414
alma-7b-slimgpt50-multi-log,alma-7b-slimgpt50-multi,ffn_channels,0.656748,0.325671,0.331076
