config,scope,system,calibrated_on,direction,category,comet,bleu,chrf,multi_comet,comet_minus_multi
slimgpt40-ref,pair,alma-7b-slimgpt40-ref-pair-cs,cs,cs-en,own,0.829655,34.353,56.884,0.822288,0.007367
slimgpt40-ref,pair,alma-7b-slimgpt40-ref-pair-cs,cs,de-en,other,0.818384,26.0867,49.9697,0.815222,0.003162
slimgpt40-ref,pair,alma-7b-slimgpt40-ref-pair-cs,cs,is-en,other,0.827761,30.5763,52.1966,0.833735,-0.005974
slimgpt40-ref,pair,alma-7b-slimgpt40-ref-pair-cs,cs,ru-en,other,0.810353,30.8023,55.4239,0.816731,-0.006378
slimgpt40-ref,pair,alma-7b-slimgpt40-ref-pair-cs,cs,zh-en,other,0.740437,12.5726,38.5814,0.750981,-0.010544
slimgpt40-ref,pair,alma-7b-slimgpt40-ref-pair-cs,cs,en-cs,own,0.824572,18.563,41.3958,0.789879,0.034693
slimgpt40-ref,pair,alma-7b-slimgpt40-ref-pair-cs,cs,en-de,other,0.739501,16.4667,43.8242,0.797035,-0.057534
slimgpt40-ref,pair,alma-7b-slimgpt40-ref-pair-cs,cs,en-is,other,0.542144,8.2375,29.796,0.747907,-0.205763
slimgpt40-ref,pair,alma-7b-slimgpt40-ref-pair-cs,cs,en-ru,other,0.778395,15.4595,37.1103,0.793277,-0.014882
slimgpt40-ref,pair,alma-7b-slimgpt40-ref-pair-cs,cs,en-zh,other,0.472734,3.1849,5.4651,0.746934,-0.2742
slimgpt40-ref,pair,alma-7b-slimgpt40-ref-pair-de,de,cs-en,other,0.823323,33.8842,56.9417,0.822288,0.001035
slimgpt40-ref,pair,alma-7b-slimgpt40-ref-pair-de,de,de-en,own,0.819465,25.9732,49.9324,0.815222,0.004243
slimgpt40-ref,pair,alma-7b-slimgpt40-ref-pair-de,de,is-en,other,0.834016,30.4626,52.7742,0.833735,0.000281
slimgpt40-ref,pair,alma-7b-slimgpt40-ref-pair-de,de,ru-en,other,0.812841,31.7863,56.0331,0.816731,-0.00389
slimgpt40-ref,pair,alma-7b-slimgpt40-ref-pair-de,de,zh-en,other,0.735416,12.2897,38.0513,0.750981,-0.015565
slimgpt40-ref,pair,alma-7b-slimgpt40-ref-pair-de,de,en-cs,other,0.635197,9.315,31.3375,0.789879,-0.154682
slimgpt40-ref,pair,alma-7b-slimgpt40-ref-pair-de,de,en-de,own,0.812401,22.3902,49.2428,0.797035,0.015366
slimgpt40-ref,pair,alma-7b-slimgpt40-ref-pair-de,de,en-is,other,0.511973,7.9571,28.376,0.747907,-0.235934
slimgpt40-ref,pair,alma-7b-slimgpt40-ref-pair-de,de,en-ru,other,0.711707,13.8733,34.319,0.793277,-0.08157
slimgpt40-ref,pair,alma-7b-slimgpt40-ref-pair-de,de,en-zh,other,0.475927,3.6509,5.7083,0.746934,-0.271007
slimgpt40-ref,pair,alma-7b-slimgpt40-ref-pair-is,is,cs-en,other,0.803911,30.7549,53.6726,0.822288,-0.018377
slimgpt40-ref,pair,alma-7b-slimgpt40-ref-pair-is,is,de-en,other,0.813666,22.302,47.6371,0.815222,-0.001556
slimgpt40-ref,pair,alma-7b-slimgpt40-ref-pair-is,is,is-en,own,0.832079,28.6045,52.1824,0.833735,-0.001656
slimgpt40-ref,pair,alma-7b-slimgpt40-ref-pair-is,is,ru-en,other,0.805068,28.8965,53.9565,0.816731,-0.011663
slimgpt40-ref,pair,alma-7b-slimgpt40-ref-pair-is,is,zh-en,other,0.729763,12.1926,37.8144,0.750981,-0.021218
slimgpt40-ref,pair,alma-7b-slimgpt40-ref-pair-is,is,en-cs,other,0.631916,8.5467,30.7679,0.789879,-0.157963
slimgpt40-ref,pair,alma-7b-slimgpt40-ref-pair-is,is,en-de,other,0.730947,14.5547,42.1933,0.797035,-0.066088
slimgpt40-ref,pair,alma-7b-slimgpt40-ref-pair-is,is,en-is,own,0.790393,17.538,42.9299,0.747907,0.042486
slimgpt40-ref,pair,alma-7b-slimgpt40-ref-pair-is,is,en-ru,other,0.665124,11.5829,30.6881,0.793277,-0.128153
slimgpt40-ref,pair,alma-7b-slimgpt40-ref-pair-is,is,en-zh,other,0.457502,2.5635,4.8899,0.746934,-0.289432
slimgpt40-ref,pair,alma-7b-slimgpt40-ref-pair-ru,ru,cs-en,other,0.827801,33.8997,57.2777,0.822288,0.005513
slimgpt40-ref,pair,alma-7b-slimgpt40-ref-pair-ru,ru,de-en,other,0.815773,25.2654,49.6749,0.815222,0.000551
slimgpt40-ref,pair,alma-7b-slimgpt40-ref-pair-ru,ru,is-en,other,0.828478,30.8243,52.7671,0.833735,-0.005257
slimgpt40-ref,pair,alma-7b-slimgpt40-ref-pair-ru,ru,ru-en,own,0.811861,31.728,56.2972,0.816731,-0.00487
slimgpt40-ref,pair,alma-7b-slimgpt40-ref-pair-ru,ru,zh-en,other,0.734192,13.264,38.0561,0.750981,-0.016789
slimgpt40-ref,pair,alma-7b-slimgpt40-ref-pair-ru,ru,en-cs,other,0.674377,10.6274,32.4409,0.789879,-0.115502
slimgpt40-ref,pair,alma-7b-slimgpt40-ref-pair-ru,ru,en-de,other,0.717165,14.7295,41.6329,0.797035,-0.07987
slimgpt40-ref,pair,alma-7b-slimgpt40-ref-pair-ru,ru,en-is,other,0.459008,6.2662,24.6685,0.747907,-0.288899
slimgpt40-ref,pair,alma-7b-slimgpt40-ref-pair-ru,ru,en-ru,own,0.817043,19.2268,42.2187,0.793277,0.023766
slimgpt40-ref,pair,alma-7b-slimgpt40-ref-pair-ru,ru,en-zh,other,0.557476,11.6412,9.7004,0.746934,-0.189458
slimgpt40-ref,pair,alma-7b-slimgpt40-ref-pair-zh,zh,cs-en,other,0.80086,28.7524,53.1635,0.822288,-0.021428
slimgpt40-ref,pair,alma-7b-slimgpt40-ref-pair-zh,zh,de-en,other,0.813456,24.8628,49.0163,0.815222,-0.001766
slimgpt40-ref,pair,alma-7b-slimgpt40-ref-pair-zh,zh,is-en,other,0.802967,25.7165,48.7138,0.833735,-0.030768
slimgpt40-ref,pair,alma-7b-slimgpt40-ref-pair-zh,zh,ru-en,other,0.791885,29.3841,54.1255,0.816731,-0.024846
slimgpt40-ref,pair,alma-7b-slimgpt40-ref-pair-zh,zh,zh-en,own,0.759855,15.9673,44.0608,0.750981,0.008874
slimgpt40-ref,pair,alma-7b-slimgpt40-ref-pair-zh,zh,en-cs,other,0.523654,5.1062,24.3862,0.789879,-0.266225
slimgpt40-ref,pair,alma-7b-slimgpt40-ref-pair-zh,zh,en-de,other,0.598228,7.5908,30.1184,0.797035,-0.198807
slimgpt40-ref,pair,alma-7b-slimgpt40-ref-pair-zh,zh,en-is,other,0.439494,1.9678,11.6688,0.747907,-0.308413
slimgpt40-ref,pair,alma-7b-slimgpt40-ref-pair-zh,zh,en-ru,other,0.684953,10.5191,33.6916,0.793277,-0.108324
slimgpt40-ref,pair,alma-7b-slimgpt40-ref-pair-zh,zh,en-zh,own,0.785446,25.5324,21.491,0.746934,0.038512
slimgpt40-ref,dir,alma-7b-slimgpt40-ref-dir-cs-en,cs-en,cs-en,own,0.833309,34.906,57.5922,0.822288,0.011021
slimgpt40-ref,dir,alma-7b-slimgpt40-ref-dir-cs-en,cs-en,de-en,same_target,0.818963,26.2838,50.0813,0.815222,0.003741
slimgpt40-ref,dir,alma-7b-slimgpt40-ref-dir-cs-en,cs-en,is-en,same_target,0.834047,32.0999,53.8295,0.833735,0.000312
slimgpt40-ref,dir,alma-7b-slimgpt40-ref-dir-cs-en,cs-en,ru-en,same_target,0.813414,30.4869,54.7815,0.816731,-0.003317
slimgpt40-ref,dir,alma-7b-slimgpt40-ref-dir-cs-en,cs-en,zh-en,same_target,0.751383,13.3206,39.4103,0.750981,0.000402
slimgpt40-ref,dir,alma-7b-slimgpt40-ref-dir-cs-en,cs-en,en-cs,reverse,0.808887,16.6695,39.8461,0.789879,0.019008
slimgpt40-ref,dir,alma-7b-slimgpt40-ref-dir-cs-en,cs-en,en-de,other,0.730559,14.6559,41.4369,0.797035,-0.066476
slimgpt40-ref,dir,alma-7b-slimgpt40-ref-dir-cs-en,cs-en,en-is,other,0.526505,7.2767,27.8082,0.747907,-0.221402
slimgpt40-ref,dir,alma-7b-slimgpt40-ref-dir-cs-en,cs-en,en-ru,other,0.724653,12.8433,31.8158,0.793277,-0.068624
slimgpt40-ref,dir,alma-7b-slimgpt40-ref-dir-cs-en,cs-en,en-zh,other,0.46606,2.4835,4.8891,0.746934,-0.280874
slimgpt40-ref,dir,alma-7b-slimgpt40-ref-dir-de-en,de-en,cs-en,same_target,0.826883,34.3382,57.4262,0.822288,0.004595
slimgpt40-ref,dir,alma-7b-slimgpt40-ref-dir-de-en,de-en,de-en,own,0.818746,25.7187,49.8397,0.815222,0.003524
slimgpt40-ref,dir,alma-7b-slimgpt40-ref-dir-de-en,de-en,is-en,same_target,0.835779,32.1408,53.5505,0.833735,0.002044
slimgpt40-ref,dir,alma-7b-slimgpt40-ref-dir-de-en,de-en,ru-en,same_target,0.813711,32.1468,56.3796,0.816731,-0.00302
slimgpt40-ref,dir,alma-7b-slimgpt40-ref-dir-de-en,de-en,zh-en,same_target,0.744917,12.9825,39.1261,0.750981,-0.006064
slimgpt40-ref,dir,alma-7b-slimgpt40-ref-dir-de-en,de-en,en-cs,other,0.593827,7.1183,27.7526,0.789879,-0.196052
slimgpt40-ref,dir,alma-7b-slimgpt40-ref-dir-de-en,de-en,en-de,reverse,0.804081,21.0697,47.9105,0.797035,0.007046
slimgpt40-ref,dir,alma-7b-slimgpt40-ref-dir-de-en,de-en,en-is,other,0.512302,5.2095,23.5169,0.747907,-0.235605
slimgpt40-ref,dir,alma-7b-slimgpt40-ref-dir-de-en,de-en,en-ru,other,0.573842,6.4744,15.2202,0.793277,-0.219435
slimgpt40-ref,dir,alma-7b-slimgpt40-ref-dir-de-en,de-en,en-zh,other,0.489429,2.1317,5.3391,0.746934,-0.257505
slimgpt40-ref,dir,alma-7b-slimgpt40-ref-dir-is-en,is-en,cs-en,same_target,0.809733,29.8628,53.6424,0.822288,-0.012555
slimgpt40-ref,dir,alma-7b-slimgpt40-ref-dir-is-en,is-en,de-en,same_target,0.813609,22.329,46.9085,0.815222,-0.001613
slimgpt40-ref,dir,alma-7b-slimgpt40-ref-dir-is-en,is-en,is-en,own,0.830921,28.0686,51.1775,0.833735,-0.002814
slimgpt40-ref,dir,alma-7b-slimgpt40-ref-dir-is-en,is-en,ru-en,same_target,0.799706,27.0335,51.7108,0.816731,-0.017025
slimgpt40-ref,dir,alma-7b-slimgpt40-ref-dir-is-en,is-en,zh-en,same_target,0.737857,12.4248,37.1165,0.750981,-0.013124
slimgpt40-ref,dir,alma-7b-slimgpt40-ref-dir-is-en,is-en,en-cs,other,0.608047,7.8015,28.7286,0.789879,-0.181832
slimgpt40-ref,dir,alma-7b-slimgpt40-ref-dir-is-en,is-en,en-de,other,0.70297,12.5528,38.3335,0.797035,-0.094065
slimgpt40-ref,dir,alma-7b-slimgpt40-ref-dir-is-en,is-en,en-is,reverse,0.774199,15.184,39.8652,0.747907,0.026292
slimgpt40-ref,dir,alma-7b-slimgpt40-ref-dir-is-en,is-en,en-ru,other,0.587777,5.6828,17.2311,0.793277,-0.2055
slimgpt40-ref,dir,alma-7b-slimgpt40-ref-dir-is-en,is-en,en-zh,other,0.458933,2.3447,5.0994,0.746934,-0.288001
slimgpt40-ref,dir,alma-7b-slimgpt40-ref-dir-ru-en,ru-en,cs-en,same_target,0.824023,33.7093,57.1334,0.822288,0.001735
slimgpt40-ref,dir,alma-7b-slimgpt40-ref-dir-ru-en,ru-en,de-en,same_target,0.814481,25.594,49.4651,0.815222,-0.000741
slimgpt40-ref,dir,alma-7b-slimgpt40-ref-dir-ru-en,ru-en,is-en,same_target,0.828262,31.1617,52.7582,0.833735,-0.005473
slimgpt40-ref,dir,alma-7b-slimgpt40-ref-dir-ru-en,ru-en,ru-en,own,0.8156,31.3474,55.9966,0.816731,-0.001131
slimgpt40-ref,dir,alma-7b-slimgpt40-ref-dir-ru-en,ru-en,zh-en,same_target,0.738354,12.7622,38.4959,0.750981,-0.012627
slimgpt40-ref,dir,alma-7b-slimgpt40-ref-dir-ru-en,ru-en,en-cs,other,0.661255,9.1713,31.1807,0.789879,-0.128624
slimgpt40-ref,dir,alma-7b-slimgpt40-ref-dir-ru-en,ru-en,en-de,other,0.685365,13.485,39.0894,0.797035,-0.11167
slimgpt40-ref,dir,alma-7b-slimgpt40-ref-dir-ru-en,ru-en,en-is,other,0.456201,5.0368,22.4739,0.747907,-0.291706
slimgpt40-ref,dir,alma-7b-slimgpt40-ref-dir-ru-en,ru-en,en-ru,reverse,0.802133,17.96,40.6329,0.793277,0.008856
slimgpt40-ref,dir,alma-7b-slimgpt40-ref-dir-ru-en,ru-en,en-zh,other,0.526399,8.099,9.0554,0.746934,-0.220535
slimgpt40-ref,dir,alma-7b-slimgpt40-ref-dir-zh-en,zh-en,cs-en,same_target,0.80211,28.684,53.5462,0.822288,-0.020178
slimgpt40-ref,dir,alma-7b-slimgpt40-ref-dir-zh-en,zh-en,de-en,same_target,0.80978,24.3913,48.8533,0.815222,-0.005442
slimgpt40-ref,dir,alma-7b-slimgpt40-ref-dir-zh-en,zh-en,is-en,same_target,0.801849,25.7268,49.0295,0.833735,-0.031886
slimgpt40-ref,dir,alma-7b-slimgpt40-ref-dir-zh-en,zh-en,ru-en,same_target,0.797599,29.4074,54.5581,0.816731,-0.019132
slimgpt40-ref,dir,alma-7b-slimgpt40-ref-dir-zh-en,zh-en,zh-en,own,0.757402,16.1877,43.1497,0.750981,0.006421
slimgpt40-ref,dir,alma-7b-slimgpt40-ref-dir-zh-en,zh-en,en-cs,other,0.521414,3.8186,22.0508,0.789879,-0.268465
slimgpt40-ref,dir,alma-7b-slimgpt40-ref-dir-zh-en,zh-en,en-de,other,0.600284,6.0216,26.9968,0.797035,-0.196751
slimgpt40-ref,dir,alma-7b-slimgpt40-ref-dir-zh-en,zh-en,en-is,other,0.516415,1.5078,15.9862,0.747907,-0.231492
slimgpt40-ref,dir,alma-7b-slimgpt40-ref-dir-zh-en,zh-en,en-ru,other,0.653705,9.9516,32.2464,0.793277,-0.139572
slimgpt40-ref,dir,alma-7b-slimgpt40-ref-dir-zh-en,zh-en,en-zh,reverse,0.77259,23.5021,20.2688,0.746934,0.025656
slimgpt40-ref,dir,alma-7b-slimgpt40-ref-dir-en-cs,en-cs,cs-en,reverse,0.826926,33.5939,56.8601,0.822288,0.004638
slimgpt40-ref,dir,alma-7b-slimgpt40-ref-dir-en-cs,en-cs,de-en,other,0.815035,24.5011,48.5815,0.815222,-0.000187
slimgpt40-ref,dir,alma-7b-slimgpt40-ref-dir-en-cs,en-cs,is-en,other,0.823393,30.1318,51.7605,0.833735,-0.010342
slimgpt40-ref,dir,alma-7b-slimgpt40-ref-dir-en-cs,en-cs,ru-en,other,0.807258,30.7972,55.7042,0.816731,-0.009473
slimgpt40-ref,dir,alma-7b-slimgpt40-ref-dir-en-cs,en-cs,zh-en,other,0.736024,11.9707,37.2545,0.750981,-0.014957
slimgpt40-ref,dir,alma-7b-slimgpt40-ref-dir-en-cs,en-cs,en-cs,own,0.816659,20.3217,43.2787,0.789879,0.02678
slimgpt40-ref,dir,alma-7b-slimgpt40-ref-dir-en-cs,en-cs,en-de,same_source,0.739179,16.0721,43.5064,0.797035,-0.057856
slimgpt40-ref,dir,alma-7b-slimgpt40-ref-dir-en-cs,en-cs,en-is,same_source,0.543853,9.0819,30.2507,0.747907,-0.204054
slimgpt40-ref,dir,alma-7b-slimgpt40-ref-dir-en-cs,en-cs,en-ru,same_source,0.764458,14.8956,36.1773,0.793277,-0.028819
slimgpt40-ref,dir,alma-7b-slimgpt40-ref-dir-en-cs,en-cs,en-zh,same_source,0.475686,3.8368,6.2441,0.746934,-0.271248
slimgpt40-ref,dir,alma-7b-slimgpt40-ref-dir-en-de,en-de,cs-en,other,0.819848,34.0549,57.3709,0.822288,-0.00244
slimgpt40-ref,dir,alma-7b-slimgpt40-ref-dir-en-de,en-de,de-en,reverse,0.815848,26.253,50.1328,0.815222,0.000626
slimgpt40-ref,dir,alma-7b-slimgpt40-ref-dir-en-de,en-de,is-en,other,0.831515,32.182,53.6024,0.833735,-0.00222
slimgpt40-ref,dir,alma-7b-slimgpt40-ref-dir-en-de,en-de,ru-en,other,0.80855,32.5784,56.8342,0.816731,-0.008181
slimgpt40-ref,dir,alma-7b-slimgpt40-ref-dir-en-de,en-de,zh-en,other,0.737887,12.6327,38.3215,0.750981,-0.013094
slimgpt40-ref,dir,alma-7b-slimgpt40-ref-dir-en-de,en-de,en-cs,same_source,0.597742,1.7991,16.5238,0.789879,-0.192137
slimgpt40-ref,dir,alma-7b-slimgpt40-ref-dir-en-de,en-de,en-de,own,0.816592,22.4187,49.1921,0.797035,0.019557
slimgpt40-ref,dir,alma-7b-slimgpt40-ref-dir-en-de,en-de,en-is,same_source,0.549851,3.6456,19.872,0.747907,-0.198056
slimgpt40-ref,dir,alma-7b-slimgpt40-ref-dir-en-de,en-de,en-ru,same_source,0.58924,2.9955,7.8794,0.793277,-0.204037
slimgpt40-ref,dir,alma-7b-slimgpt40-ref-dir-en-de,en-de,en-zh,same_source,0.519805,2.1279,5.3424,0.746934,-0.227129
slimgpt40-ref,dir,alma-7b-slimgpt40-ref-dir-en-is,en-is,cs-en,other,0.811931,30.046,54.404,0.822288,-0.010357
slimgpt40-ref,dir,alma-7b-slimgpt40-ref-dir-en-is,en-is,de-en,other,0.814688,23.4599,48.033,0.815222,-0.000534
slimgpt40-ref,dir,alma-7b-slimgpt40-ref-dir-en-is,en-is,is-en,reverse,0.828733,29.0468,52.2049,0.833735,-0.005002
slimgpt40-ref,dir,alma-7b-slimgpt40-ref-dir-en-is,en-is,ru-en,other,0.796028,28.4692,52.8342,0.816731,-0.020703
slimgpt40-ref,dir,alma-7b-slimgpt40-ref-dir-en-is,en-is,zh-en,other,0.726187,11.4139,37.2462,0.750981,-0.024794
slimgpt40-ref,dir,alma-7b-slimgpt40-ref-dir-en-is,en-is,en-cs,same_source,0.648679,8.2038,30.3511,0.789879,-0.1412
slimgpt40-ref,dir,alma-7b-slimgpt40-ref-dir-en-is,en-is,en-de,same_source,0.731955,16.7368,43.0373,0.797035,-0.06508
slimgpt40-ref,dir,alma-7b-slimgpt40-ref-dir-en-is,en-is,en-is,own,0.792002,17.7648,43.3365,0.747907,0.044095
slimgpt40-ref,dir,alma-7b-slimgpt40-ref-dir-en-is,en-is,en-ru,same_source,0.656535,11.0782,29.0436,0.793277,-0.136742
slimgpt40-ref,dir,alma-7b-slimgpt40-ref-dir-en-is,en-is,en-zh,same_source,0.456598,2.2965,4.5263,0.746934,-0.290336
slimgpt40-ref,dir,alma-7b-slimgpt40-ref-dir-en-ru,en-ru,cs-en,other,0.826126,32.8358,56.7401,0.822288,0.003838
slimgpt40-ref,dir,alma-7b-slimgpt40-ref-dir-en-ru,en-ru,de-en,other,0.818002,25.9729,49.6535,0.815222,0.00278
slimgpt40-ref,dir,alma-7b-slimgpt40-ref-dir-en-ru,en-ru,is-en,other,0.823251,30.0865,52.1862,0.833735,-0.010484
slimgpt40-ref,dir,alma-7b-slimgpt40-ref-dir-en-ru,en-ru,ru-en,reverse,0.810593,32.8164,56.8141,0.816731,-0.006138
slimgpt40-ref,dir,alma-7b-slimgpt40-ref-dir-en-ru,en-ru,zh-en,other,0.742608,12.8287,38.8175,0.750981,-0.008373
slimgpt40-ref,dir,alma-7b-slimgpt40-ref-dir-en-ru,en-ru,en-cs,same_source,0.701265,11.5972,35.3182,0.789879,-0.088614
slimgpt40-ref,dir,alma-7b-slimgpt40-ref-dir-en-ru,en-ru,en-de,same_source,0.700541,15.725,42.3083,0.797035,-0.096494
slimgpt40-ref,dir,alma-7b-slimgpt40-ref-dir-en-ru,en-ru,en-is,same_source,0.457738,5.7643,21.754,0.747907,-0.290169
slimgpt40-ref,dir,alma-7b-slimgpt40-ref-dir-en-ru,en-ru,en-ru,own,0.81055,18.7571,42.0018,0.793277,0.017273
slimgpt40-ref,dir,alma-7b-slimgpt40-ref-dir-en-ru,en-ru,en-zh,same_source,0.55649,7.6951,7.4916,0.746934,-0.190444
slimgpt40-ref,dir,alma-7b-slimgpt40-ref-dir-en-zh,en-zh,cs-en,other,0.798592,27.9575,52.7933,0.822288,-0.023696
slimgpt40-ref,dir,alma-7b-slimgpt40-ref-dir-en-zh,en-zh,de-en,other,0.81006,22.9234,48.1444,0.815222,-0.005162
slimgpt40-ref,dir,alma-7b-slimgpt40-ref-dir-en-zh,en-zh,is-en,other,0.799071,24.3739,47.832,0.833735,-0.034664
slimgpt40-ref,dir,alma-7b-slimgpt40-ref-dir-en-zh,en-zh,ru-en,other,0.794616,28.6423,53.8752,0.816731,-0.022115
slimgpt40-ref,dir,alma-7b-slimgpt40-ref-dir-en-zh,en-zh,zh-en,reverse,0.75787,15.358,42.4302,0.750981,0.006889
slimgpt40-ref,dir,alma-7b-slimgpt40-ref-dir-en-zh,en-zh,en-cs,same_source,0.526224,4.8898,24.4025,0.789879,-0.263655
slimgpt40-ref,dir,alma-7b-slimgpt40-ref-dir-en-zh,en-zh,en-de,same_source,0.570947,7.2386,31.1268,0.797035,-0.226088
slimgpt40-ref,dir,alma-7b-slimgpt40-ref-dir-en-zh,en-zh,en-is,same_source,0.415513,1.7068,10.1918,0.747907,-0.332394
slimgpt40-ref,dir,alma-7b-slimgpt40-ref-dir-en-zh,en-zh,en-ru,same_source,0.666923,9.6734,32.856,0.793277,-0.126354
slimgpt40-ref,dir,alma-7b-slimgpt40-ref-dir-en-zh,en-zh,en-zh,own,0.784105,25.7842,22.395,0.746934,0.037171
