system,method,calib,sparsity,scope,scope_key,sources,unit_sparsity,parameter_sparsity,heads_removed_frac,ffn_removed_frac,params_removed_frac_layers,params_removed_frac_all,calibration_segments
alma-7b-slimgpt20-ref-multi,slimgpt,ref,20,multi,,prune manifest+subnetwork,0.200006,,0.202148,0.199999,0.200704,0.192896,
alma-7b-slimgpt20-gen-multi,slimgpt,gen,20,multi,,prune manifest+subnetwork,0.200006,,0.202148,0.199999,0.200704,0.192896,
alma-7b-flap20-ref-multi,flap,ref,20,multi,,prune manifest+subnetwork,0.28491,,0.0273438,0.285659,0.199992,0.192211,
alma-7b-flap20-gen-multi,flap,gen,20,multi,,prune manifest+subnetwork,0.284429,,0.0283203,0.285173,0.199991,0.192211,
alma-7b-slimgpt30-ref-multi,slimgpt,ref,30,multi,,prune manifest+subnetwork,0.299997,0.299612,0.298828,0.300001,0.2996,0.287944,1280
alma-7b-slimgpt30-gen-multi,slimgpt,gen,30,multi,,prune manifest+subnetwork,0.299997,0.299612,0.298828,0.300001,0.2996,0.287944,1280
alma-7b-flap30-ref-multi,flap,ref,30,multi,,prune manifest+subnetwork,0.391347,0.300001,0.114258,0.392152,0.299989,0.288318,1280
alma-7b-flap30-gen-multi,flap,gen,30,multi,,prune manifest+subnetwork,0.390744,0.299919,0.115234,0.391545,0.299906,0.288239,1280
alma-7b-slimgpt40-ref-multi,slimgpt,ref,40,multi,,prune manifest+subnetwork,0.399992,0.399479,0.398438,0.399996,0.399463,0.383923,1280
alma-7b-slimgpt40-gen-multi,slimgpt,gen,40,multi,,prune manifest+subnetwork,0.399992,0.399479,0.398438,0.399996,0.399463,0.383923,1280
alma-7b-flap40-ref-multi,flap,ref,40,multi,,prune manifest+subnetwork,0.46128,0.399999,0.275391,0.46182,0.399983,0.384422,1280
alma-7b-flap40-gen-multi,flap,gen,40,multi,,prune manifest+subnetwork,0.46128,0.399999,0.275391,0.46182,0.399983,0.384422,1280
alma-7b-slimgpt20-ref-pair-cs,slimgpt,ref,20,pair,cs,prune manifest,0.200006,0.200712,0.202148,0.199999,0.200704,0.192896,1280
alma-7b-slimgpt20-ref-pair-de,slimgpt,ref,20,pair,de,prune manifest,0.200006,0.200712,0.202148,0.199999,0.200704,0.192896,1280
alma-7b-slimgpt20-ref-pair-is,slimgpt,ref,20,pair,is,prune manifest,0.200006,0.200712,0.202148,0.199999,0.200704,0.192896,1280
alma-7b-slimgpt20-ref-pair-ru,slimgpt,ref,20,pair,ru,prune manifest,0.200006,0.200712,0.202148,0.199999,0.200704,0.192896,1280
alma-7b-slimgpt20-ref-pair-zh,slimgpt,ref,20,pair,zh,prune manifest,0.200006,0.200712,0.202148,0.199999,0.200704,0.192896,1280
alma-7b-slimgpt20-gen-pair-cs,slimgpt,gen,20,pair,cs,prune manifest,0.200006,0.200712,0.202148,0.199999,0.200704,0.192896,1280
alma-7b-slimgpt20-gen-pair-de,slimgpt,gen,20,pair,de,prune manifest,0.200006,0.200712,0.202148,0.199999,0.200704,0.192896,1280
alma-7b-slimgpt20-gen-pair-is,slimgpt,gen,20,pair,is,prune manifest,0.200006,0.200712,0.202148,0.199999,0.200704,0.192896,1280
alma-7b-slimgpt20-gen-pair-ru,slimgpt,gen,20,pair,ru,prune manifest,0.200006,0.200712,0.202148,0.199999,0.200704,0.192896,1280
alma-7b-slimgpt20-gen-pair-zh,slimgpt,gen,20,pair,zh,prune manifest,0.200006,0.200712,0.202148,0.199999,0.200704,0.192896,1280
alma-7b-flap20-ref-pair-cs,flap,ref,20,pair,cs,prune manifest,0.28731,0.199999,0.0224609,0.28808,0.199991,0.192211,1280
alma-7b-flap20-ref-pair-de,flap,ref,20,pair,de,prune manifest,0.289232,0.2,0.0185547,0.290019,0.199992,0.192211,1280
alma-7b-flap20-ref-pair-is,flap,ref,20,pair,is,prune manifest,0.278957,0.199873,0.0390625,0.279655,0.199865,0.192089,1280
alma-7b-flap20-ref-pair-ru,flap,ref,20,pair,ru,prune manifest,0.279147,0.2,0.0390625,0.279845,0.199992,0.192211,1280
alma-7b-flap20-ref-pair-zh,flap,ref,20,pair,zh,prune manifest,0.254654,0.2,0.0888672,0.255135,0.199992,0.192211,1280
alma-7b-flap20-gen-pair-cs,flap,gen,20,pair,cs,prune manifest,0.28731,0.199999,0.0224609,0.28808,0.199991,0.192211,1280
alma-7b-flap20-gen-pair-de,flap,gen,20,pair,de,prune manifest,0.289232,0.2,0.0185547,0.290019,0.199992,0.192211,1280
alma-7b-flap20-gen-pair-is,flap,gen,20,pair,is,prune manifest,0.277715,0.200006,0.0419922,0.2784,0.199997,0.192217,1280
alma-7b-flap20-gen-pair-ru,flap,gen,20,pair,ru,prune manifest,0.278187,0.200001,0.0410156,0.278877,0.199992,0.192212,1280
alma-7b-flap20-gen-pair-zh,flap,gen,20,pair,zh,prune manifest,0.254172,0.199999,0.0898438,0.25465,0.199991,0.192211,1280
alma-7b-slimgpt30-ref-pair-cs,slimgpt,ref,30,pair,cs,prune manifest,0.299997,0.299612,0.298828,0.300001,0.2996,0.287944,1280
alma-7b-slimgpt30-ref-pair-de,slimgpt,ref,30,pair,de,prune manifest,0.299997,0.299612,0.298828,0.300001,0.2996,0.287944,1280
alma-7b-slimgpt30-ref-pair-is,slimgpt,ref,30,pair,is,prune manifest,0.299997,0.299612,0.298828,0.300001,0.2996,0.287944,1280
alma-7b-slimgpt30-ref-pair-ru,slimgpt,ref,30,pair,ru,prune manifest,0.299997,0.299612,0.298828,0.300001,0.2996,0.287944,1280
alma-7b-slimgpt30-ref-pair-zh,slimgpt,ref,30,pair,zh,prune manifest,0.299997,0.299612,0.298828,0.300001,0.2996,0.287944,1280
alma-7b-slimgpt30-gen-pair-cs,slimgpt,gen,30,pair,cs,prune manifest,0.299997,0.299612,0.298828,0.300001,0.2996,0.287944,1280
alma-7b-slimgpt30-gen-pair-de,slimgpt,gen,30,pair,de,prune manifest,0.299997,0.299612,0.298828,0.300001,0.2996,0.287944,1280
alma-7b-slimgpt30-gen-pair-is,slimgpt,gen,30,pair,is,prune manifest,0.299997,0.299612,0.298828,0.300001,0.2996,0.287944,1280
alma-7b-slimgpt30-gen-pair-ru,slimgpt,gen,30,pair,ru,prune manifest,0.299997,0.299612,0.298828,0.300001,0.2996,0.287944,1280
alma-7b-slimgpt30-gen-pair-zh,slimgpt,gen,30,pair,zh,prune manifest,0.299997,0.299612,0.298828,0.300001,0.2996,0.287944,1280
alma-7b-flap30-ref-pair-cs,flap,ref,30,pair,cs,prune manifest,0.39807,0.3,0.100586,0.398934,0.299988,0.288317,1280
alma-7b-flap30-ref-pair-de,flap,ref,30,pair,de,prune manifest,0.386379,0.29989,0.124023,0.387142,0.299878,0.288212,1280
alma-7b-flap30-ref-pair-is,flap,ref,30,pair,is,prune manifest,0.373947,0.299927,0.149414,0.3746,0.299915,0.288247,1280
alma-7b-flap30-ref-pair-ru,flap,ref,30,pair,ru,prune manifest,0.404971,0.300119,0.0869141,0.405895,0.300107,0.288432,1280
alma-7b-flap30-ref-pair-zh,flap,ref,30,pair,zh,prune manifest,0.361569,0.299999,0.174805,0.362112,0.299987,0.288317,1280
alma-7b-flap30-gen-pair-cs,flap,gen,30,pair,cs,prune manifest,0.396148,0.299999,0.104492,0.396995,0.299987,0.288317,1280
alma-7b-flap30-gen-pair-de,flap,gen,30,pair,de,prune manifest,0.385997,0.299956,0.125,0.386756,0.299944,0.288275,1280
alma-7b-flap30-gen-pair-is,flap,gen,30,pair,is,prune manifest,0.373576,0.3,0.150391,0.374225,0.299988,0.288317,1280
alma-7b-flap30-gen-pair-ru,flap,gen,30,pair,ru,prune manifest,0.403414,0.300041,0.0898438,0.404325,0.300029,0.288357,1280
alma-7b-flap30-gen-pair-zh,flap,gen,30,pair,zh,prune manifest,0.360128,0.299999,0.177734,0.360658,0.299987,0.288317,1280
alma-7b-slimgpt40-ref-pair-cs,slimgpt,ref,40,pair,cs,prune manifest,0.399992,0.399479,0.398438,0.399996,0.399463,0.383923,1280
alma-7b-slimgpt40-ref-pair-de,slimgpt,ref,40,pair,de,prune manifest,0.399992,0.399479,0.398438,0.399996,0.399463,0.383923,1280
alma-7b-slimgpt40-ref-pair-is,slimgpt,ref,40,pair,is,prune manifest,0.399992,0.399479,0.398438,0.399996,0.399463,0.383923,1280
alma-7b-slimgpt40-ref-pair-ru,slimgpt,ref,40,pair,ru,prune manifest,0.399992,0.399479,0.398438,0.399996,0.399463,0.383923,1280
alma-7b-slimgpt40-ref-pair-zh,slimgpt,ref,40,pair,zh,prune manifest,0.399992,0.399479,0.398438,0.399996,0.399463,0.383923,1280
alma-7b-slimgpt40-gen-pair-cs,slimgpt,gen,40,pair,cs,prune manifest,0.399992,0.399479,0.398438,0.399996,0.399463,0.383923,1280
alma-7b-slimgpt40-gen-pair-de,slimgpt,gen,40,pair,de,prune manifest,0.399992,0.399479,0.398438,0.399996,0.399463,0.383923,1280
alma-7b-slimgpt40-gen-pair-is,slimgpt,gen,40,pair,is,prune manifest,0.399992,0.399479,0.398438,0.399996,0.399463,0.383923,1280
alma-7b-slimgpt40-gen-pair-ru,slimgpt,gen,40,pair,ru,prune manifest,0.399992,0.399479,0.398438,0.399996,0.399463,0.383923,1280
alma-7b-slimgpt40-gen-pair-zh,slimgpt,gen,40,pair,zh,prune manifest,0.399992,0.399479,0.398438,0.399996,0.399463,0.383923,1280
alma-7b-flap40-ref-pair-cs,flap,ref,40,pair,cs,prune manifest,0.47665,0.4,0.244141,0.477326,0.399984,0.384423,1280
alma-7b-flap40-ref-pair-de,flap,ref,40,pair,de,prune manifest,0.464263,0.400067,0.269531,0.46483,0.400051,0.384488,1280
alma-7b-flap40-ref-pair-is,flap,ref,40,pair,is,prune manifest,0.457439,0.4,0.283203,0.457945,0.399984,0.384423,1280
alma-7b-flap40-ref-pair-ru,flap,ref,40,pair,ru,prune manifest,0.461761,0.4,0.274414,0.462306,0.399984,0.384423,1280
alma-7b-flap40-ref-pair-zh,flap,ref,40,pair,zh,prune manifest,0.441109,0.399999,0.316406,0.441472,0.399983,0.384422,1280
alma-7b-flap40-gen-pair-cs,flap,gen,40,pair,cs,prune manifest,0.476424,0.399849,0.244141,0.477099,0.399832,0.384278,1280
alma-7b-flap40-gen-pair-de,flap,gen,40,pair,de,prune manifest,0.463714,0.400021,0.270508,0.464276,0.400005,0.384443,1280
alma-7b-flap40-gen-pair-is,flap,gen,40,pair,is,prune manifest,0.457394,0.399969,0.283203,0.4579,0.399953,0.384394,1280
alma-7b-flap40-gen-pair-ru,flap,gen,40,pair,ru,prune manifest,0.461617,0.399903,0.274414,0.462161,0.399887,0.38433,1280
alma-7b-flap40-gen-pair-zh,flap,gen,40,pair,zh,prune manifest,0.440149,0.4,0.318359,0.440503,0.399984,0.384423,1280
alma-7b-slimgpt20-ref-dir-cs-en,slimgpt,ref,20,dir,cs-en,prune manifest,0.200006,0.200712,0.202148,0.199999,0.200704,0.192896,1280
alma-7b-slimgpt20-ref-dir-de-en,slimgpt,ref,20,dir,de-en,prune manifest,0.200006,0.200712,0.202148,0.199999,0.200704,0.192896,1280
alma-7b-slimgpt20-ref-dir-is-en,slimgpt,ref,20,dir,is-en,prune manifest,0.200006,0.200712,0.202148,0.199999,0.200704,0.192896,1280
alma-7b-slimgpt20-ref-dir-ru-en,slimgpt,ref,20,dir,ru-en,prune manifest,0.200006,0.200712,0.202148,0.199999,0.200704,0.192896,1280
alma-7b-slimgpt20-ref-dir-zh-en,slimgpt,ref,20,dir,zh-en,prune manifest,0.200006,0.200712,0.202148,0.199999,0.200704,0.192896,1280
alma-7b-slimgpt20-ref-dir-en-cs,slimgpt,ref,20,dir,en-cs,prune manifest,0.200006,0.200712,0.202148,0.199999,0.200704,0.192896,1280
alma-7b-slimgpt20-ref-dir-en-de,slimgpt,ref,20,dir,en-de,prune manifest,0.200006,0.200712,0.202148,0.199999,0.200704,0.192896,1280
alma-7b-slimgpt20-ref-dir-en-is,slimgpt,ref,20,dir,en-is,prune manifest,0.200006,0.200712,0.202148,0.199999,0.200704,0.192896,1280
alma-7b-slimgpt20-ref-dir-en-ru,slimgpt,ref,20,dir,en-ru,prune manifest,0.200006,0.200712,0.202148,0.199999,0.200704,0.192896,1280
alma-7b-slimgpt20-ref-dir-en-zh,slimgpt,ref,20,dir,en-zh,prune manifest,0.200006,0.200712,0.202148,0.199999,0.200704,0.192896,1280
alma-7b-slimgpt20-gen-dir-cs-en,slimgpt,gen,20,dir,cs-en,prune manifest,0.200006,0.200712,0.202148,0.199999,0.200704,0.192896,1280
alma-7b-slimgpt20-gen-dir-de-en,slimgpt,gen,20,dir,de-en,prune manifest,0.200006,0.200712,0.202148,0.199999,0.200704,0.192896,1280
alma-7b-slimgpt20-gen-dir-is-en,slimgpt,gen,20,dir,is-en,prune manifest,0.200006,0.200712,0.202148,0.199999,0.200704,0.192896,1280
alma-7b-slimgpt20-gen-dir-ru-en,slimgpt,gen,20,dir,ru-en,prune manifest,0.200006,0.200712,0.202148,0.199999,0.200704,0.192896,1280
alma-7b-slimgpt20-gen-dir-zh-en,slimgpt,gen,20,dir,zh-en,prune manifest,0.200006,0.200712,0.202148,0.199999,0.200704,0.192896,1280
alma-7b-slimgpt20-gen-dir-en-cs,slimgpt,gen,20,dir,en-cs,prune manifest,0.200006,0.200712,0.202148,0.199999,0.200704,0.192896,1280
alma-7b-slimgpt20-gen-dir-en-de,slimgpt,gen,20,dir,en-de,prune manifest,0.200006,0.200712,0.202148,0.199999,0.200704,0.192896,1280
alma-7b-slimgpt20-gen-dir-en-is,slimgpt,gen,20,dir,en-is,prune manifest,0.200006,0.200712,0.202148,0.199999,0.200704,0.192896,1280
alma-7b-slimgpt20-gen-dir-en-ru,slimgpt,gen,20,dir,en-ru,prune manifest,0.200006,0.200712,0.202148,0.199999,0.200704,0.192896,1280
alma-7b-slimgpt20-gen-dir-en-zh,slimgpt,gen,20,dir,en-zh,prune manifest,0.200006,0.200712,0.202148,0.199999,0.200704,0.192896,1280
alma-7b-flap20-ref-dir-cs-en,flap,ref,20,dir,cs-en,prune manifest,0.286351,0.2,0.0244141,0.287112,0.199992,0.192211,1280
alma-7b-flap20-ref-dir-de-en,flap,ref,20,dir,de-en,prune manifest,0.286832,0.200001,0.0234375,0.287598,0.199992,0.192212,1280
alma-7b-flap20-ref-dir-is-en,flap,ref,20,dir,is-en,prune manifest,0.275784,0.199999,0.0458984,0.276452,0.199991,0.192211,1280
alma-7b-flap20-ref-dir-ru-en,flap,ref,20,dir,ru-en,prune manifest,0.276265,0.2,0.0449219,0.276938,0.199992,0.192211,1280
alma-7b-flap20-ref-dir-zh-en,flap,ref,20,dir,zh-en,prune manifest,0.256094,0.2,0.0859375,0.256589,0.199992,0.192211,1280
alma-7b-flap20-ref-dir-en-cs,flap,ref,20,dir,en-cs,prune manifest,0.283469,0.2,0.0302734,0.284205,0.199992,0.192211,1280
alma-7b-flap20-ref-dir-en-de,flap,ref,20,dir,en-de,prune manifest,0.288273,0.200001,0.0205078,0.289051,0.199992,0.192212,1280
alma-7b-flap20-ref-dir-en-is,flap,ref,20,dir,en-is,prune manifest,0.276645,0.199932,0.0439453,0.277321,0.199924,0.192146,1280
alma-7b-flap20-ref-dir-en-ru,flap,ref,20,dir,en-ru,prune manifest,0.278666,0.199999,0.0400391,0.279359,0.199991,0.192211,1280
alma-7b-flap20-ref-dir-en-zh,flap,ref,20,dir,en-zh,prune manifest,0.256765,0.200128,0.0849609,0.257265,0.20012,0.192334,1280
alma-7b-flap20-gen-dir-cs-en,flap,gen,20,dir,cs-en,prune manifest,0.28491,0.2,0.0273438,0.285659,0.199992,0.192211,1280
alma-7b-flap20-gen-dir-de-en,flap,gen,20,dir,de-en,prune manifest,0.286351,0.2,0.0244141,0.287112,0.199992,0.192211,1280
alma-7b-flap20-gen-dir-is-en,flap,gen,20,dir,is-en,prune manifest,0.274343,0.199999,0.0488281,0.274999,0.199991,0.192211,1280
alma-7b-flap20-gen-dir-ru-en,flap,gen,20,dir,ru-en,prune manifest,0.276265,0.2,0.0449219,0.276938,0.199992,0.192211,1280
alma-7b-flap20-gen-dir-zh-en,flap,gen,20,dir,zh-en,prune manifest,0.253694,0.200001,0.0908203,0.254167,0.199992,0.192212,1280
alma-7b-flap20-gen-dir-en-cs,flap,gen,20,dir,en-cs,prune manifest,0.284429,0.199999,0.0283203,0.285173,0.199991,0.192211,1280
alma-7b-flap20-gen-dir-en-de,flap,gen,20,dir,en-de,prune manifest,0.290192,0.199999,0.0166016,0.290987,0.199991,0.192211,1280
alma-7b-flap20-gen-dir-en-is,flap,gen,20,dir,en-is,prune manifest,0.276693,0.199964,0.0439453,0.277369,0.199956,0.192177,1280
alma-7b-flap20-gen-dir-en-ru,flap,gen,20,dir,en-ru,prune manifest,0.278666,0.199999,0.0400391,0.279359,0.199991,0.192211,1280
alma-7b-flap20-gen-dir-en-zh,flap,gen,20,dir,en-zh,prune manifest,0.254894,0.199839,0.0878906,0.25538,0.199831,0.192057,1280
alma-7b-slimgpt30-ref-dir-cs-en,slimgpt,ref,30,dir,cs-en,prune manifest,0.299997,0.299612,0.298828,0.300001,0.2996,0.287944,1280
alma-7b-slimgpt30-ref-dir-de-en,slimgpt,ref,30,dir,de-en,prune manifest,0.299997,0.299612,0.298828,0.300001,0.2996,0.287944,1280
alma-7b-slimgpt30-ref-dir-is-en,slimgpt,ref,30,dir,is-en,prune manifest,0.299997,0.299612,0.298828,0.300001,0.2996,0.287944,1280
alma-7b-slimgpt30-ref-dir-ru-en,slimgpt,ref,30,dir,ru-en,prune manifest,0.299997,0.299612,0.298828,0.300001,0.2996,0.287944,1280
alma-7b-slimgpt30-ref-dir-zh-en,slimgpt,ref,30,dir,zh-en,prune manifest,0.299997,0.299612,0.298828,0.300001,0.2996,0.287944,1280
alma-7b-slimgpt30-ref-dir-en-cs,slimgpt,ref,30,dir,en-cs,prune manifest,0.299997,0.299612,0.298828,0.300001,0.2996,0.287944,1280
alma-7b-slimgpt30-ref-dir-en-de,slimgpt,ref,30,dir,en-de,prune manifest,0.299997,0.299612,0.298828,0.300001,0.2996,0.287944,1280
alma-7b-slimgpt30-ref-dir-en-is,slimgpt,ref,30,dir,en-is,prune manifest,0.299997,0.299612,0.298828,0.300001,0.2996,0.287944,1280
alma-7b-slimgpt30-ref-dir-en-ru,slimgpt,ref,30,dir,en-ru,prune manifest,0.299997,0.299612,0.298828,0.300001,0.2996,0.287944,1280
alma-7b-slimgpt30-ref-dir-en-zh,slimgpt,ref,30,dir,en-zh,prune manifest,0.299997,0.299612,0.298828,0.300001,0.2996,0.287944,1280
alma-7b-slimgpt30-gen-dir-cs-en,slimgpt,gen,30,dir,cs-en,prune manifest,0.299997,0.299612,0.298828,0.300001,0.2996,0.287944,1280
alma-7b-slimgpt30-gen-dir-de-en,slimgpt,gen,30,dir,de-en,prune manifest,0.299997,0.299612,0.298828,0.300001,0.2996,0.287944,1280
alma-7b-slimgpt30-gen-dir-is-en,slimgpt,gen,30,dir,is-en,prune manifest,0.299997,0.299612,0.298828,0.300001,0.2996,0.287944,1280
alma-7b-slimgpt30-gen-dir-ru-en,slimgpt,gen,30,dir,ru-en,prune manifest,0.299997,0.299612,0.298828,0.300001,0.2996,0.287944,1280
alma-7b-slimgpt30-gen-dir-zh-en,slimgpt,gen,30,dir,zh-en,prune manifest,0.299997,0.299612,0.298828,0.300001,0.2996,0.287944,1280
alma-7b-slimgpt30-gen-dir-en-cs,slimgpt,gen,30,dir,en-cs,prune manifest,0.299997,0.299612,0.298828,0.300001,0.2996,0.287944,1280
alma-7b-slimgpt30-gen-dir-en-de,slimgpt,gen,30,dir,en-de,prune manifest,0.299997,0.299612,0.298828,0.300001,0.2996,0.287944,1280
alma-7b-slimgpt30-gen-dir-en-is,slimgpt,gen,30,dir,en-is,prune manifest,0.299997,0.299612,0.298828,0.300001,0.2996,0.287944,1280
alma-7b-slimgpt30-gen-dir-en-ru,slimgpt,gen,30,dir,en-ru,prune manifest,0.299997,0.299612,0.298828,0.300001,0.2996,0.287944,1280
alma-7b-slimgpt30-gen-dir-en-zh,slimgpt,gen,30,dir,en-zh,prune manifest,0.299997,0.299612,0.298828,0.300001,0.2996,0.287944,1280
alma-7b-flap30-ref-dir-cs-en,flap,ref,30,dir,cs-en,prune manifest,0.390384,0.299999,0.116211,0.391181,0.299987,0.288317,1280
alma-7b-flap30-ref-dir-de-en,flap,ref,30,dir,de-en,prune manifest,0.378858,0.299999,0.139648,0.379554,0.299987,0.288317,1280
alma-7b-flap30-ref-dir-is-en,flap,ref,30,dir,is-en,prune manifest,0.36109,0.300001,0.175781,0.361629,0.299989,0.288318,1280
alma-7b-flap30-ref-dir-ru-en,flap,ref,30,dir,ru-en,prune manifest,0.394707,0.299999,0.107422,0.395542,0.299987,0.288317,1280
alma-7b-flap30-ref-dir-zh-en,flap,ref,30,dir,zh-en,prune manifest,0.357246,0.299999,0.183594,0.357751,0.299987,0.288317,1280
alma-7b-flap30-ref-dir-en-cs,flap,ref,30,dir,en-cs,prune manifest,0.401432,0.300001,0.09375,0.402327,0.299989,0.288318,1280
alma-7b-flap30-ref-dir-en-de,flap,ref,30,dir,en-de,prune manifest,0.388944,0.299999,0.119141,0.389728,0.299987,0.288317,1280
alma-7b-flap30-ref-dir-en-is,flap,ref,30,dir,en-is,prune manifest,0.376531,0.300049,0.144531,0.377206,0.300037,0.288365,1280
alma-7b-flap30-ref-dir-en-ru,flap,ref,30,dir,en-ru,prune manifest,0.403351,0.299999,0.0898438,0.404263,0.299987,0.288317,1280
alma-7b-flap30-ref-dir-en-zh,flap,ref,30,dir,en-zh,prune manifest,0.363491,0.3,0.170898,0.364051,0.299988,0.288317,1280
alma-7b-flap30-gen-dir-cs-en,flap,gen,30,dir,cs-en,prune manifest,0.389425,0.3,0.118164,0.390213,0.299988,0.288317,1280
alma-7b-flap30-gen-dir-de-en,flap,gen,30,dir,de-en,prune manifest,0.377253,0.299889,0.142578,0.377935,0.299877,0.288211,1280
alma-7b-flap30-gen-dir-is-en,flap,gen,30,dir,is-en,prune manifest,0.360609,0.3,0.176758,0.361144,0.299988,0.288317,1280
alma-7b-flap30-gen-dir-ru-en,flap,gen,30,dir,ru-en,prune manifest,0.394228,0.300001,0.108398,0.395059,0.299989,0.288318,1280
alma-7b-flap30-gen-dir-zh-en,flap,gen,30,dir,zh-en,prune manifest,0.355273,0.299965,0.1875,0.355761,0.299953,0.288283,1280
alma-7b-flap30-gen-dir-en-cs,flap,gen,30,dir,en-cs,prune manifest,0.400708,0.300159,0.0957031,0.401594,0.300147,0.28847,1280
alma-7b-flap30-gen-dir-en-de,flap,gen,30,dir,en-de,prune manifest,0.388944,0.299999,0.119141,0.389728,0.299987,0.288317,1280
alma-7b-flap30-gen-dir-en-is,flap,gen,30,dir,en-is,prune manifest,0.377899,0.3,0.141602,0.378585,0.299988,0.288317,1280
alma-7b-flap30-gen-dir-en-ru,flap,gen,30,dir,en-ru,prune manifest,0.401871,0.299973,0.0927734,0.40277,0.299961,0.288291,1280
alma-7b-flap30-gen-dir-en-zh,flap,gen,30,dir,en-zh,prune manifest,0.360609,0.3,0.176758,0.361144,0.299988,0.288317,1280
alma-7b-slimgpt40-ref-dir-cs-en,slimgpt,ref,40,dir,cs-en,prune manifest,0.399992,0.399479,0.398438,0.399996,0.399463,0.383923,1280
alma-7b-slimgpt40-ref-dir-de-en,slimgpt,ref,40,dir,de-en,prune manifest,0.399992,0.399479,0.398438,0.399996,0.399463,0.383923,1280
alma-7b-slimgpt40-ref-dir-is-en,slimgpt,ref,40,dir,is-en,prune manifest,0.399992,0.399479,0.398438,0.399996,0.399463,0.383923,1280
alma-7b-slimgpt40-ref-dir-ru-en,slimgpt,ref,40,dir,ru-en,prune manifest,0.399992,0.399479,0.398438,0.399996,0.399463,0.383923,1280
alma-7b-slimgpt40-ref-dir-zh-en,slimgpt,ref,40,dir,zh-en,prune manifest,0.399992,0.399479,0.398438,0.399996,0.399463,0.383923,1280
alma-7b-slimgpt40-ref-dir-en-cs,slimgpt,ref,40,dir,en-cs,prune manifest,0.399992,0.399479,0.398438,0.399996,0.399463,0.383923,1280
alma-7b-slimgpt40-ref-dir-en-de,slimgpt,ref,40,dir,en-de,prune manifest,0.399992,0.399479,0.398438,0.399996,0.399463,0.383923,1280
alma-7b-slimgpt40-ref-dir-en-is,slimgpt,ref,40,dir,en-is,prune manifest,0.399992,0.399479,0.398438,0.399996,0.399463,0.383923,1280
alma-7b-slimgpt40-ref-dir-en-ru,slimgpt,ref,40,dir,en-ru,prune manifest,0.399992,0.399479,0.398438,0.399996,0.399463,0.383923,1280
alma-7b-slimgpt40-ref-dir-en-zh,slimgpt,ref,40,dir,en-zh,prune manifest,0.399992,0.399479,0.398438,0.399996,0.399463,0.383923,1280
alma-7b-slimgpt40-gen-dir-cs-en,slimgpt,gen,40,dir,cs-en,prune manifest,0.399992,0.399479,0.398438,0.399996,0.399463,0.383923,1280
alma-7b-slimgpt40-gen-dir-de-en,slimgpt,gen,40,dir,de-en,prune manifest,0.399992,0.399479,0.398438,0.399996,0.399463,0.383923,1280
alma-7b-slimgpt40-gen-dir-is-en,slimgpt,gen,40,dir,is-en,prune manifest,0.399992,0.399479,0.398438,0.399996,0.399463,0.383923,1280
alma-7b-slimgpt40-gen-dir-ru-en,slimgpt,gen,40,dir,ru-en,prune manifest,0.399992,0.399479,0.398438,0.399996,0.399463,0.383923,1280
alma-7b-slimgpt40-gen-dir-zh-en,slimgpt,gen,40,dir,zh-en,prune manifest,0.399992,0.399479,0.398438,0.399996,0.399463,0.383923,1280
alma-7b-slimgpt40-gen-dir-en-cs,slimgpt,gen,40,dir,en-cs,prune manifest,0.399992,0.399479,0.398438,0.399996,0.399463,0.383923,1280
alma-7b-slimgpt40-gen-dir-en-de,slimgpt,gen,40,dir,en-de,prune manifest,0.399992,0.399479,0.398438,0.399996,0.399463,0.383923,1280
alma-7b-slimgpt40-gen-dir-en-is,slimgpt,gen,40,dir,en-is,prune manifest,0.399992,0.399479,0.398438,0.399996,0.399463,0.383923,1280
alma-7b-slimgpt40-gen-dir-en-ru,slimgpt,gen,40,dir,en-ru,prune manifest,0.399992,0.399479,0.398438,0.399996,0.399463,0.383923,1280
alma-7b-slimgpt40-gen-dir-en-zh,slimgpt,gen,40,dir,en-zh,prune manifest,0.399992,0.399479,0.398438,0.399996,0.399463,0.383923,1280
alma-7b-flap40-ref-dir-cs-en,flap,ref,40,dir,cs-en,prune manifest,0.470145,0.400147,0.257812,0.470763,0.400131,0.384564,1280
alma-7b-flap40-ref-dir-de-en,flap,ref,40,dir,de-en,prune manifest,0.45888,0.4,0.280273,0.459399,0.399984,0.384423,1280
alma-7b-flap40-ref-dir-is-en,flap,ref,40,dir,is-en,prune manifest,0.452635,0.399999,0.292969,0.453099,0.399983,0.384422,1280
alma-7b-flap40-ref-dir-ru-en,flap,ref,40,dir,ru-en,prune manifest,0.451195,0.399999,0.295898,0.451646,0.399983,0.384422,1280
alma-7b-flap40-ref-dir-zh-en,flap,ref,40,dir,zh-en,prune manifest,0.436308,0.4,0.326172,0.436628,0.399984,0.384423,1280
alma-7b-flap40-ref-dir-en-cs,flap,ref,40,dir,en-cs,prune manifest,0.481451,0.399999,0.234375,0.482169,0.399983,0.384422,1280
alma-7b-flap40-ref-dir-en-de,flap,ref,40,dir,en-de,prune manifest,0.470363,0.399971,0.256836,0.470984,0.399955,0.384395,1280
alma-7b-flap40-ref-dir-en-is,flap,ref,40,dir,en-is,prune manifest,0.457317,0.399918,0.283203,0.457823,0.399902,0.384344,1280
alma-7b-flap40-ref-dir-en-ru,flap,ref,40,dir,en-ru,prune manifest,0.468965,0.4,0.259766,0.469573,0.399984,0.384423,1280
alma-7b-flap40-ref-dir-en-zh,flap,ref,40,dir,en-zh,prune manifest,0.439241,0.400035,0.320312,0.439587,0.400018,0.384456,1280
alma-7b-flap40-gen-dir-cs-en,flap,gen,40,dir,cs-en,prune manifest,0.469446,0.4,0.258789,0.470059,0.399984,0.384423,1280
alma-7b-flap40-gen-dir-de-en,flap,gen,40,dir,de-en,prune manifest,0.459361,0.4,0.279297,0.459884,0.399984,0.384423,1280
alma-7b-flap40-gen-dir-is-en,flap,gen,40,dir,is-en,prune manifest,0.451195,0.399999,0.295898,0.451646,0.399983,0.384422,1280
alma-7b-flap40-gen-dir-ru-en,flap,gen,40,dir,ru-en,prune manifest,0.451435,0.40016,0.295898,0.451887,0.400144,0.384577,1280
alma-7b-flap40-gen-dir-zh-en,flap,gen,40,dir,zh-en,prune manifest,0.434386,0.4,0.330078,0.43469,0.399984,0.384423,1280
alma-7b-flap40-gen-dir-en-cs,flap,gen,40,dir,en-cs,prune manifest,0.48001,0.399999,0.237305,0.480716,0.399983,0.384422,1280
alma-7b-flap40-gen-dir-en-de,flap,gen,40,dir,en-de,prune manifest,0.468965,0.4,0.259766,0.469573,0.399984,0.384423,1280
alma-7b-flap40-gen-dir-en-is,flap,gen,40,dir,en-is,prune manifest,0.45888,0.4,0.280273,0.459399,0.399984,0.384423,1280
alma-7b-flap40-gen-dir-en-ru,flap,gen,40,dir,en-ru,prune manifest,0.46999,0.400043,0.257812,0.470607,0.400027,0.384464,1280
alma-7b-flap40-gen-dir-en-zh,flap,gen,40,dir,en-zh,prune manifest,0.437749,0.4,0.323242,0.438082,0.399984,0.384423,1280
