system,direction,comet,bleu,chrf
alma-7b-flap20-scope-direction-de-en,de-en,0.5582984650000004,3.4871,17.4693
alma-7b-flap20-scope-direction-de-en,en-de,0.6012280749999995,5.1701,26.9318
alma-7b-flap20-scope-direction-de-en,en-is,0.3850295549999998,1.4134,11.0679
alma-7b-flap20-scope-direction-de-en,is-en,0.5774012349999997,4.3529,18.7349
alma-7b-flap20-scope-direction-en-de,de-en,0.6138307099999998,4.8632,21.9867
alma-7b-flap20-scope-direction-en-de,en-de,0.6096621150000004,5.0818,27.2113
alma-7b-flap20-scope-direction-en-de,en-is,0.3969544249999999,1.6794,13.9976
alma-7b-flap20-scope-direction-en-de,is-en,0.6564385699999998,6.5714,24.6719
alma-7b-flap20-scope-direction-en-is,de-en,0.566470295,3.7781,19.2662
alma-7b-flap20-scope-direction-en-is,en-de,0.63829638,5.5248,29.1566
alma-7b-flap20-scope-direction-en-is,en-is,0.515317915,3.2642,20.5861
alma-7b-flap20-scope-direction-en-is,is-en,0.6624209499999999,6.8241,25.7843
alma-7b-flap20-scope-direction-is-en,de-en,0.5443467449999999,3.1949,17.0561
alma-7b-flap20-scope-direction-is-en,en-de,0.5669890000000001,3.935,23.744
alma-7b-flap20-scope-direction-is-en,en-is,0.45099632999999995,2.3275,15.7183
alma-7b-flap20-scope-direction-is-en,is-en,0.5368398900000002,3.5,16.0945
alma-7b-flap20-scope-multi,de-en,0.6090921300000002,4.5426,21.6311
alma-7b-flap20-scope-multi,en-de,0.626594815,5.4472,28.6528
alma-7b-flap20-scope-multi,en-is,0.45811901999999965,2.1492,15.367
alma-7b-flap20-scope-multi,is-en,0.6331099,5.8506,22.7385
alma-7b-flap20-scope-pair-de,de-en,0.5412761800000001,3.4821,17.3525
alma-7b-flap20-scope-pair-de,en-de,0.6308653749999995,5.4215,28.0585
alma-7b-flap20-scope-pair-de,en-is,0.3748819649999999,1.506,11.9875
alma-7b-flap20-scope-pair-de,is-en,0.62148752,5.7385,23.0823
alma-7b-flap20-scope-pair-is,de-en,0.5767807500000001,4.16,19.967
alma-7b-flap20-scope-pair-is,en-de,0.6159088150000003,5.066,27.3632
alma-7b-flap20-scope-pair-is,en-is,0.4701322650000001,2.6387,17.8929
alma-7b-flap20-scope-pair-is,is-en,0.5979764399999999,4.8762,20.5162
alma-7b,de-en,0.8390978000000004,31.8802,53.9913
alma-7b,en-de,0.8514491050000003,28.4931,54.5184
alma-7b,en-is,0.8436838449999995,23.5691,49.4244
alma-7b,is-en,0.8570592250000003,36.7258,57.3095
